genre,time_bin,x_centered,y_centered,z_centered
edm,0.0000,2.2643,6.9853,-0.9883
edm,0.1000,2.1357,6.8773,-0.9539
edm,0.2000,2.2070,6.8705,-0.9684
edm,0.3000,2.2567,6.8059,-0.9603
edm,0.4000,2.2580,6.7450,-0.9460
edm,0.5000,2.3853,6.8090,-0.9845
edm,0.6000,2.1901,6.7151,-0.9743
edm,0.7000,2.1248,6.7129,-0.9939
edm,0.8000,1.9900,6.7165,-1.0178
edm,0.9000,1.8010,6.8091,-1.0635
edm,1.0000,1.8690,6.8994,-1.1133
edm,1.1000,1.7158,6.8292,-1.0765
edm,1.2000,1.7303,6.8354,-1.0765
edm,1.3000,1.7142,6.8577,-1.0836
edm,1.4000,1.6606,6.8666,-1.0753
edm,1.5000,1.7562,6.8971,-1.1031
edm,1.6000,1.6173,6.8089,-1.0809
edm,1.7000,1.6770,6.7718,-1.0787
edm,1.8000,1.7337,6.7918,-1.0730
edm,1.9000,1.7733,6.8528,-1.0748
edm,2.0000,1.9621,6.9455,-1.1164
edm,2.1000,1.8747,6.9568,-1.0941
edm,2.2000,1.9176,6.9833,-1.1043
edm,2.3000,1.8654,6.9798,-1.0977
edm,2.4000,1.7862,6.9492,-1.0873
edm,2.5000,1.8637,6.8966,-1.1184
edm,2.6000,1.6327,6.8194,-1.0902
edm,2.7000,1.5727,6.7376,-1.0877
edm,2.8000,1.4926,6.6586,-1.0879
edm,2.9000,1.4320,6.5733,-1.0760
edm,3.0000,1.5888,6.5373,-1.0961
edm,3.1000,1.4612,6.5068,-1.0703
edm,3.2000,1.5087,6.5476,-1.0838
edm,3.3000,1.4773,6.5721,-1.0882
edm,3.4000,1.4033,6.5250,-1.0652
edm,3.5000,1.5283,6.5703,-1.0918
edm,3.6000,1.4218,6.5733,-1.0541
edm,3.7000,1.5366,6.6359,-1.0566
edm,3.8000,1.5984,6.6566,-1.0506
edm,3.9000,1.5547,6.6095,-1.0440
edm,4.0000,1.6636,6.6081,-1.0719
edm,4.1000,1.4872,6.5259,-1.0323
edm,4.2000,1.4819,6.5709,-1.0456
edm,4.3000,1.4659,6.6555,-1.0391
edm,4.4000,1.4173,6.7469,-1.0263
edm,4.5000,1.5243,6.9128,-1.0726
edm,4.6000,1.3389,6.8853,-1.0459
edm,4.7000,1.3581,6.9064,-1.0618
edm,4.8000,1.3511,6.8634,-1.0692
edm,4.9000,1.3199,6.8522,-1.0744
edm,5.0000,1.3963,6.9496,-1.1296
edm,5.1000,1.2412,6.9132,-1.1296
edm,5.2000,1.2624,6.9190,-1.1734
edm,5.3000,1.3023,6.9076,-1.1956
edm,5.4000,1.2871,6.8621,-1.1855
edm,5.5000,1.3946,6.8553,-1.2205
edm,5.6000,1.2534,6.8258,-1.1866
edm,5.7000,1.2310,6.8062,-1.1882
edm,5.8000,1.1816,6.7440,-1.1954
edm,5.9000,1.1113,6.7600,-1.1896
edm,6.0000,1.1858,6.8383,-1.2210
edm,6.1000,1.0218,6.9197,-1.2039
edm,6.2000,1.0020,6.9547,-1.2170
edm,6.3000,0.9508,6.9325,-1.2331
edm,6.4000,0.9075,6.8782,-1.2195
edm,6.5000,1.0317,6.8657,-1.2434
edm,6.6000,0.9804,6.9099,-1.2256
edm,6.7000,1.0677,7.0227,-1.2379
edm,6.8000,1.0792,7.1808,-1.2506
edm,6.9000,1.0058,7.2887,-1.2607
edm,7.0000,1.0563,7.4132,-1.3045
edm,7.1000,0.8530,7.4014,-1.2714
edm,7.2000,0.8598,7.4004,-1.2739
edm,7.3000,0.9226,7.4066,-1.2688
edm,7.4000,0.9574,7.3345,-1.2503
edm,7.5000,1.1044,7.3555,-1.2786
edm,7.6000,1.0465,7.1828,-1.2547
edm,7.7000,1.0982,7.1708,-1.2613
edm,7.8000,1.1131,7.0994,-1.2497
edm,7.9000,1.1289,6.9984,-1.2310
edm,8.0000,1.2149,7.0177,-1.2336
edm,8.1000,1.1035,6.9173,-1.2096
edm,8.2000,1.0071,6.9187,-1.1951
edm,8.3000,0.9457,6.9625,-1.1949
edm,8.4000,0.9181,7.0525,-1.2012
edm,8.5000,0.9238,7.1768,-1.2164
edm,8.6000,0.9617,7.2735,-1.2211
edm,8.7000,0.9643,7.3288,-1.2254
edm,8.8000,0.9774,7.3615,-1.2336
edm,8.9000,0.9940,7.4099,-1.2470
edm,9.0000,0.9916,7.4736,-1.2554
edm,9.1000,0.9649,7.5503,-1.2611
edm,9.2000,0.9218,7.5833,-1.2596
edm,9.3000,0.8962,7.5658,-1.2457
edm,9.4000,0.8506,7.5672,-1.2519
edm,9.5000,0.8326,7.5382,-1.2609
edm,9.6000,0.8656,7.4099,-1.2596
edm,9.7000,0.8770,7.2491,-1.2415
edm,9.8000,0.8852,7.1265,-1.2224
edm,9.9000,0.9005,7.0412,-1.2059
edm,10.0000,0.9277,6.9385,-1.2122
edm,10.1000,0.9611,6.8022,-1.2099
edm,10.2000,0.9859,6.6242,-1.2032
edm,10.3000,0.9536,6.4302,-1.1820
edm,10.4000,0.9342,6.2837,-1.1738
edm,10.5000,0.9314,6.1857,-1.1733
edm,10.6000,0.9390,6.0987,-1.1589
edm,10.7000,0.9382,6.0557,-1.1628
edm,10.8000,0.9164,6.0091,-1.1763
edm,10.9000,0.8964,5.9883,-1.1811
edm,11.0000,0.8493,5.9762,-1.1849
edm,11.1000,0.7846,5.9923,-1.1894
edm,11.2000,0.7430,5.9849,-1.2014
edm,11.3000,0.6986,5.9851,-1.2157
edm,11.4000,0.7296,6.0053,-1.2316
edm,11.5000,0.7926,6.0620,-1.2428
edm,11.6000,0.8387,6.1233,-1.2472
edm,11.7000,0.8738,6.1706,-1.2518
edm,11.8000,0.8880,6.1863,-1.2581
edm,11.9000,0.8522,6.2755,-1.2748
edm,12.0000,0.8024,6.3790,-1.2890
edm,12.1000,0.7922,6.4872,-1.3010
edm,12.2000,0.8275,6.5379,-1.3068
edm,12.3000,0.8369,6.5451,-1.3032
edm,12.4000,0.8477,6.5158,-1.2992
edm,12.5000,0.8687,6.4817,-1.3032
edm,12.6000,0.8812,6.4275,-1.2931
edm,12.7000,0.8962,6.3891,-1.2850
edm,12.8000,0.9113,6.3861,-1.2822
edm,12.9000,0.9077,6.3827,-1.2817
edm,13.0000,0.8984,6.3439,-1.2795
edm,13.1000,0.8738,6.3309,-1.2770
edm,13.2000,0.8514,6.3086,-1.2641
edm,13.3000,0.8354,6.3208,-1.2652
edm,13.4000,0.8248,6.3633,-1.2721
edm,13.5000,0.8079,6.3655,-1.2819
edm,13.6000,0.7816,6.4133,-1.2924
edm,13.7000,0.7657,6.4665,-1.2971
edm,13.8000,0.7363,6.4640,-1.2898
edm,13.9000,0.7050,6.4727,-1.2872
edm,14.0000,0.6885,6.4725,-1.2854
edm,14.1000,0.7285,6.4590,-1.2782
edm,14.2000,0.7941,6.4724,-1.2744
edm,14.3000,0.8181,6.5269,-1.2785
edm,14.4000,0.8202,6.5679,-1.2762
edm,14.5000,0.7945,6.6303,-1.2740
edm,14.6000,0.7505,6.6791,-1.2753
edm,14.7000,0.7310,6.6885,-1.2737
edm,14.8000,0.7412,6.6894,-1.2722
edm,14.9000,0.7860,6.7317,-1.2737
edm,15.0000,0.7873,6.8164,-1.2798
edm,15.1000,0.7524,6.9841,-1.2842
edm,15.2000,0.7624,7.1813,-1.2918
edm,15.3000,0.7770,7.2978,-1.3113
edm,15.4000,0.7838,7.2945,-1.3122
edm,15.5000,0.7735,7.1841,-1.3068
edm,15.6000,0.7853,7.1124,-1.3128
edm,15.7000,0.7816,7.0851,-1.3156
edm,15.8000,0.7876,7.0922,-1.3222
edm,15.9000,0.7807,7.1216,-1.3337
edm,16.0000,0.8020,7.1424,-1.3249
edm,16.1000,0.6453,7.1064,-1.2929
edm,16.2000,0.9701,7.1306,-1.3519
edm,16.3000,1.0366,7.1198,-1.3672
edm,16.4000,0.6929,7.0917,-1.3055
edm,16.5000,0.8042,7.1315,-1.3361
edm,16.6000,0.6085,7.1561,-1.3095
edm,16.7000,0.9740,7.1603,-1.3747
edm,16.8000,0.9862,7.1323,-1.3675
edm,16.9000,0.6603,7.1117,-1.3065
edm,17.0000,0.8227,7.1430,-1.3359
edm,17.1000,0.6297,7.1603,-1.3111
edm,17.2000,0.9683,7.1824,-1.3726
edm,17.3000,0.9856,7.1955,-1.3725
edm,17.4000,0.5868,7.2298,-1.3106
edm,17.5000,0.7760,7.3433,-1.3489
edm,17.6000,0.6309,7.4072,-1.3280
edm,17.7000,1.0155,7.5272,-1.3890
edm,17.8000,1.0036,7.5744,-1.3730
edm,17.9000,0.6839,7.5621,-1.3032
edm,18.0000,0.8887,7.6882,-1.3377
edm,18.1000,0.7530,7.7405,-1.3039
edm,18.2000,1.0762,7.8650,-1.3624
edm,18.3000,1.0495,7.9089,-1.3623
edm,18.4000,0.6510,7.8855,-1.2990
edm,18.5000,0.7755,7.9708,-1.3381
edm,18.6000,0.6103,8.0177,-1.3124
edm,18.7000,0.9505,8.1155,-1.3814
edm,18.8000,0.9510,8.1233,-1.3798
edm,18.9000,0.6390,8.0910,-1.3102
edm,19.0000,0.8300,8.1477,-1.3295
edm,19.1000,0.6792,8.1870,-1.3005
edm,19.2000,1.0524,8.2730,-1.3569
edm,19.3000,1.0781,8.3030,-1.3566
edm,19.4000,0.7247,8.2418,-1.2873
edm,19.5000,0.8881,8.1772,-1.3179
edm,19.6000,0.6936,8.1060,-1.2900
edm,19.7000,1.0086,8.0564,-1.3453
edm,19.8000,0.9572,8.0571,-1.3530
edm,19.9000,0.6286,8.0352,-1.2937
edm,20.0000,0.7889,8.0525,-1.3216
edm,20.1000,0.6010,8.0827,-1.2913
edm,20.2000,0.9239,8.1503,-1.3521
edm,20.3000,0.9209,8.1770,-1.3591
edm,20.4000,0.5336,8.2052,-1.3119
edm,20.5000,0.6843,8.2250,-1.3497
edm,20.6000,0.5195,8.2361,-1.3207
edm,20.7000,0.8769,8.3044,-1.3926
edm,20.8000,0.8747,8.3985,-1.3986
edm,20.9000,0.5571,8.4812,-1.3569
edm,21.0000,0.7007,8.4452,-1.3985
edm,21.1000,0.5228,8.4912,-1.4025
edm,21.2000,0.8421,8.4851,-1.4777
edm,21.3000,0.9171,8.5321,-1.4834
edm,21.4000,0.6368,8.7302,-1.4277
edm,21.5000,0.8085,8.7913,-1.4425
edm,21.6000,0.6779,8.9956,-1.4379
edm,21.7000,1.0639,8.9748,-1.5104
edm,21.8000,1.0638,9.0704,-1.4944
edm,21.9000,0.7176,9.3251,-1.4339
edm,22.0000,0.9073,9.3313,-1.4488
edm,22.1000,0.7706,9.5204,-1.4274
edm,22.2000,1.1110,9.4891,-1.4838
edm,22.3000,1.1430,9.5882,-1.4852
edm,22.4000,0.8081,9.8056,-1.4317
edm,22.5000,0.9619,9.8021,-1.4548
edm,22.6000,0.7607,9.9339,-1.4411
edm,22.7000,1.1080,9.8397,-1.4944
edm,22.8000,1.0708,9.8456,-1.4719
edm,22.9000,0.7034,9.9715,-1.4323
edm,23.0000,0.8857,9.9514,-1.4839
edm,23.1000,0.7116,10.0294,-1.4666
edm,23.2000,1.0730,9.9773,-1.5288
edm,23.3000,1.1030,9.9712,-1.5303
edm,23.4000,0.7304,9.9943,-1.4737
edm,23.5000,0.9329,9.8476,-1.4930
edm,23.6000,0.7702,9.7891,-1.4680
edm,23.7000,1.1256,9.6399,-1.5234
edm,23.8000,1.1015,9.6062,-1.5337
edm,23.9000,0.7370,9.6202,-1.4823
edm,24.0000,0.8613,9.5367,-1.5109
edm,24.1000,0.6490,9.4718,-1.4770
edm,24.2000,0.9394,9.3987,-1.5495
edm,24.3000,0.9269,9.3466,-1.5482
edm,24.4000,0.5529,9.2496,-1.4684
edm,24.5000,0.7183,9.1316,-1.4817
edm,24.6000,0.5641,9.0293,-1.4391
edm,24.7000,0.9154,8.9293,-1.4965
edm,24.8000,0.9228,8.8566,-1.4829
edm,24.9000,0.6136,8.8673,-1.4262
edm,25.0000,0.8163,8.8792,-1.4574
edm,25.1000,0.6725,8.9316,-1.4418
edm,25.2000,1.0361,8.9562,-1.5058
edm,25.3000,1.0776,9.0479,-1.5137
edm,25.4000,0.7407,9.1472,-1.4598
edm,25.5000,0.9547,9.1683,-1.4935
edm,25.6000,0.8105,9.2330,-1.4751
edm,25.7000,1.1680,9.2667,-1.5316
edm,25.8000,1.1224,9.2992,-1.5321
edm,25.9000,0.7299,9.3342,-1.4850
edm,26.0000,0.9196,9.2754,-1.5212
edm,26.1000,0.7821,9.2195,-1.4991
edm,26.2000,1.2255,9.0713,-1.5539
edm,26.3000,1.3110,9.0015,-1.5515
edm,26.4000,0.9518,9.0238,-1.4924
edm,26.5000,1.1136,8.9535,-1.5218
edm,26.6000,0.8877,8.9395,-1.4986
edm,26.7000,1.1881,8.8775,-1.5545
edm,26.8000,1.1085,8.8801,-1.5478
edm,26.9000,0.7026,8.8623,-1.4927
edm,27.0000,0.8753,8.7494,-1.5217
edm,27.1000,0.7006,8.6621,-1.4971
edm,27.2000,1.1336,8.5647,-1.5471
edm,27.3000,1.1948,8.5250,-1.5380
edm,27.4000,0.8388,8.5819,-1.4818
edm,27.5000,1.0642,8.5969,-1.4977
edm,27.6000,0.8989,8.6663,-1.4727
edm,27.7000,1.3021,8.6805,-1.5349
edm,27.8000,1.2779,8.6768,-1.5253
edm,27.9000,0.8782,8.7306,-1.4800
edm,28.0000,1.0477,8.7256,-1.5173
edm,28.1000,0.8055,8.8161,-1.4984
edm,28.2000,1.1570,8.9096,-1.5658
edm,28.3000,1.1624,9.0108,-1.5809
edm,28.4000,0.7564,9.1304,-1.5343
edm,28.5000,0.9492,9.1361,-1.5654
edm,28.6000,0.7373,9.1705,-1.5297
edm,28.7000,1.1044,9.0951,-1.5836
edm,28.8000,1.0772,9.1159,-1.5935
edm,28.9000,0.7033,9.2493,-1.5641
edm,29.0000,0.8866,9.2209,-1.5958
edm,29.1000,0.7124,9.2017,-1.5765
edm,29.2000,1.1124,9.0971,-1.6167
edm,29.3000,1.1771,9.1676,-1.6289
edm,29.4000,0.8641,9.2732,-1.5835
edm,29.5000,1.0495,9.2845,-1.6108
edm,29.6000,0.8737,9.3004,-1.5770
edm,29.7000,1.2284,9.2704,-1.6205
edm,29.8000,1.1978,9.2681,-1.6050
edm,29.9000,0.8297,9.2502,-1.5576
edm,30.0000,0.9938,9.2396,-1.5866
edm,30.1000,0.8106,9.2137,-1.5574
edm,30.2000,1.1456,9.2065,-1.6181
edm,30.3000,1.1580,9.1800,-1.6223
edm,30.4000,0.8107,9.0968,-1.5607
edm,30.5000,1.0306,9.0117,-1.5882
edm,30.6000,0.8716,8.9055,-1.5592
edm,30.7000,1.2620,8.8844,-1.6034
edm,30.8000,1.2539,8.8655,-1.5993
edm,30.9000,0.8653,8.8917,-1.5557
edm,31.0000,1.0307,8.9698,-1.5831
edm,31.1000,0.8415,8.9794,-1.5569
edm,31.2000,1.2012,9.0053,-1.6132
edm,31.3000,1.2327,8.9304,-1.6086
edm,31.4000,0.8578,8.7900,-1.5335
edm,31.5000,1.0101,8.7856,-1.5464
edm,31.6000,0.7995,8.7964,-1.5136
edm,31.7000,1.1229,8.8994,-1.5622
edm,31.8000,1.0798,8.9965,-1.5691
edm,31.9000,0.6807,9.0408,-1.5204
edm,32.0000,0.8741,9.0830,-1.5445
edm,32.1000,0.7535,9.1120,-1.5302
edm,32.2000,1.1835,9.2042,-1.5926
edm,32.3000,1.2543,9.2228,-1.5946
edm,32.4000,0.8973,9.2332,-1.5317
edm,32.5000,1.0815,9.2674,-1.5636
edm,32.6000,0.8901,9.3281,-1.5331
edm,32.7000,1.2330,9.3804,-1.5914
edm,32.8000,1.1848,9.4467,-1.6067
edm,32.9000,0.8038,9.5456,-1.5727
edm,33.0000,0.9736,9.5970,-1.5952
edm,33.1000,0.7874,9.7166,-1.5719
edm,33.2000,1.1988,9.8391,-1.6273
edm,33.3000,1.2426,9.9198,-1.6190
edm,33.4000,0.8311,9.9868,-1.5667
edm,33.5000,0.9849,10.0413,-1.5939
edm,33.6000,0.7458,10.1427,-1.5726
edm,33.7000,1.1308,10.2396,-1.6442
edm,33.8000,1.1386,10.1901,-1.6373
edm,33.9000,0.8166,10.1322,-1.5940
edm,34.0000,1.0674,10.1223,-1.6330
edm,34.1000,0.8920,10.1268,-1.6129
edm,34.2000,1.2717,10.1660,-1.6765
edm,34.3000,1.2666,10.2143,-1.6826
edm,34.4000,0.8383,10.2850,-1.6196
edm,34.5000,1.0829,10.3096,-1.6311
edm,34.6000,0.9533,10.3363,-1.5996
edm,34.7000,1.3911,10.3696,-1.6621
edm,34.8000,1.3597,10.3997,-1.6513
edm,34.9000,0.9401,10.3999,-1.5828
edm,35.0000,1.1360,10.3919,-1.6020
edm,35.1000,1.0064,10.4166,-1.5709
edm,35.2000,1.4992,10.3948,-1.6292
edm,35.3000,1.5539,10.4305,-1.6324
edm,35.4000,1.1306,10.5087,-1.5749
edm,35.5000,1.3357,10.5772,-1.6073
edm,35.6000,1.1595,10.6037,-1.5817
edm,35.7000,1.5725,10.5706,-1.6347
edm,35.8000,1.5338,10.5509,-1.6235
edm,35.9000,1.0508,10.5818,-1.5552
edm,36.0000,1.1891,10.5993,-1.5855
edm,36.1000,0.9823,10.6377,-1.5799
edm,36.2000,1.3716,10.5810,-1.6456
edm,36.3000,1.3561,10.5626,-1.6555
edm,36.4000,0.9099,10.5557,-1.6067
edm,36.5000,1.0481,10.5369,-1.6288
edm,36.6000,0.8118,10.5768,-1.6076
edm,36.7000,1.1880,10.5292,-1.6708
edm,36.8000,1.2078,10.4651,-1.6676
edm,36.9000,0.8411,10.4590,-1.6111
edm,37.0000,1.0553,10.3986,-1.6380
edm,37.1000,0.8851,10.3976,-1.6227
edm,37.2000,1.2633,10.3661,-1.6784
edm,37.3000,1.2739,10.3695,-1.6793
edm,37.4000,0.8945,10.4864,-1.6267
edm,37.5000,1.0666,10.5384,-1.6609
edm,37.6000,0.8323,10.6462,-1.6398
edm,37.7000,1.2070,10.6429,-1.6929
edm,37.8000,1.1977,10.7328,-1.7029
edm,37.9000,0.8632,10.8542,-1.6683
edm,38.0000,1.1218,10.8403,-1.6985
edm,38.1000,1.0008,10.8457,-1.6804
edm,38.2000,1.4170,10.6922,-1.7145
edm,38.3000,1.4749,10.6189,-1.7079
edm,38.4000,1.0693,10.6110,-1.6571
edm,38.5000,1.1822,10.4948,-1.6823
edm,38.6000,0.9246,10.4727,-1.6590
edm,38.7000,1.1800,10.3879,-1.7141
edm,38.8000,1.0768,10.3468,-1.7030
edm,38.9000,0.7116,10.3943,-1.6457
edm,39.0000,0.8744,10.3995,-1.6775
edm,39.1000,0.7032,10.4757,-1.6567
edm,39.2000,1.0554,10.4153,-1.6934
edm,39.3000,1.0687,10.3750,-1.6801
edm,39.4000,0.7254,10.3490,-1.6281
edm,39.5000,0.9365,10.3293,-1.6583
edm,39.6000,0.7800,10.3890,-1.6406
edm,39.7000,1.1331,10.5065,-1.7191
edm,39.8000,1.0884,10.6476,-1.7272
edm,39.9000,0.7238,10.7552,-1.6881
edm,40.0000,0.9236,10.8318,-1.7126
edm,40.1000,0.7448,10.8907,-1.6987
edm,40.2000,1.1037,11.0532,-1.7626
edm,40.3000,1.1252,11.1712,-1.7663
edm,40.4000,0.7443,11.2084,-1.7197
edm,40.5000,0.9425,11.3566,-1.7529
edm,40.6000,0.7842,11.3746,-1.7263
edm,40.7000,1.2466,11.6058,-1.7893
edm,40.8000,1.2487,11.6992,-1.7882
edm,40.9000,0.8982,11.6516,-1.7331
edm,41.0000,1.1248,11.8113,-1.7610
edm,41.1000,0.9711,11.8161,-1.7385
edm,41.2000,1.3228,12.0185,-1.8098
edm,41.3000,1.3321,12.0454,-1.8230
edm,41.4000,0.9435,11.8244,-1.7579
edm,41.5000,1.1186,11.7719,-1.7685
edm,41.6000,0.9500,11.6364,-1.7317
edm,41.7000,1.2816,11.7567,-1.7956
edm,41.8000,1.2845,11.6871,-1.7894
edm,41.9000,0.9404,11.5390,-1.7340
edm,42.0000,1.1267,11.4971,-1.7491
edm,42.1000,0.9466,11.3320,-1.7168
edm,42.2000,1.3260,11.3796,-1.7797
edm,42.3000,1.3352,11.3569,-1.7834
edm,42.4000,0.9235,11.2294,-1.7257
edm,42.5000,1.1187,11.1900,-1.7473
edm,42.6000,0.9604,11.0597,-1.7102
edm,42.7000,1.3626,11.0207,-1.7584
edm,42.8000,1.3788,10.9243,-1.7526
edm,42.9000,1.0577,10.7786,-1.6962
edm,43.0000,1.2555,10.7340,-1.7164
edm,43.1000,1.0580,10.6675,-1.6894
edm,43.2000,1.3695,10.6433,-1.7472
edm,43.3000,1.3655,10.6021,-1.7595
edm,43.4000,1.0191,10.4936,-1.7076
edm,43.5000,1.2268,10.3964,-1.7357
edm,43.6000,1.0910,10.3022,-1.7092
edm,43.7000,1.5006,10.2167,-1.7647
edm,43.8000,1.4765,10.1695,-1.7647
edm,43.9000,1.1340,10.1412,-1.7218
edm,44.0000,1.3036,10.1460,-1.7573
edm,44.1000,1.1046,10.1632,-1.7285
edm,44.2000,1.4101,10.1921,-1.7916
edm,44.3000,1.3772,10.2122,-1.8233
edm,44.4000,1.0056,10.1453,-1.7861
edm,44.5000,1.2298,10.1542,-1.8116
edm,44.6000,1.1013,10.1235,-1.7767
edm,44.7000,1.5078,10.2470,-1.8434
edm,44.8000,1.5121,10.2713,-1.8356
edm,44.9000,1.1592,10.1294,-1.7611
edm,45.0000,1.3234,10.1140,-1.7700
edm,45.1000,1.1329,10.0670,-1.7417
edm,45.2000,1.4767,10.2421,-1.7990
edm,45.3000,1.4769,10.2896,-1.7995
edm,45.4000,1.0935,10.2355,-1.7406
edm,45.5000,1.2513,10.3722,-1.7839
edm,45.6000,1.0561,10.3948,-1.7600
edm,45.7000,1.3706,10.5853,-1.8304
edm,45.8000,1.3136,10.5970,-1.8210
edm,45.9000,0.9405,10.5183,-1.7506
edm,46.0000,1.0852,10.6270,-1.7782
edm,46.1000,0.8877,10.6605,-1.7520
edm,46.2000,1.2345,10.7757,-1.8052
edm,46.3000,1.2514,10.7593,-1.8116
edm,46.4000,0.8836,10.5517,-1.7421
edm,46.5000,1.0862,10.4211,-1.7587
edm,46.6000,0.9144,10.2415,-1.7281
edm,46.7000,1.3206,10.2206,-1.7879
edm,46.8000,1.3232,10.1301,-1.7819
edm,46.9000,0.9891,10.0440,-1.7375
edm,47.0000,1.1419,10.0417,-1.7698
edm,47.1000,0.9523,9.9958,-1.7481
edm,47.2000,1.2860,10.0866,-1.8000
edm,47.3000,1.2693,10.1604,-1.8013
edm,47.4000,0.8866,10.2043,-1.7662
edm,47.5000,1.0168,10.2681,-1.7953
edm,47.6000,0.7922,10.2825,-1.7630
edm,47.7000,1.1488,10.3437,-1.8173
edm,47.8000,1.1833,10.3707,-1.8186
edm,47.9000,0.8973,10.4605,-1.7760
edm,48.0000,1.1060,10.5525,-1.8034
edm,48.1000,0.9507,10.6045,-1.7866
edm,48.2000,1.2808,10.6501,-1.8402
edm,48.3000,1.3232,10.6845,-1.8563
edm,48.4000,0.9638,10.7590,-1.8085
edm,48.5000,1.1074,10.8219,-1.8284
edm,48.6000,0.9327,10.9096,-1.8157
edm,48.7000,1.3022,10.8739,-1.8680
edm,48.8000,1.2671,10.8974,-1.8714
edm,48.9000,0.9188,10.9225,-1.8364
edm,49.0000,1.0665,10.8445,-1.8608
edm,49.1000,0.9000,10.8484,-1.8369
edm,49.2000,1.2523,10.8847,-1.8819
edm,49.3000,1.2956,10.9193,-1.8849
edm,49.4000,0.9766,10.9561,-1.8349
edm,49.5000,1.1888,10.9378,-1.8592
edm,49.6000,1.0474,10.8692,-1.8278
edm,49.7000,1.4359,10.7495,-1.8670
edm,49.8000,1.4164,10.6287,-1.8759
edm,49.9000,1.0967,10.5392,-1.8315
edm,50.0000,1.2915,10.4847,-1.8562
edm,50.1000,1.1507,10.4186,-1.8376
edm,50.2000,1.4776,10.3367,-1.8826
edm,50.3000,1.4721,10.2501,-1.8946
edm,50.4000,1.1474,10.1396,-1.8276
edm,50.5000,1.2805,9.9945,-1.8428
edm,50.6000,1.1296,9.8706,-1.8195
edm,50.7000,1.4650,9.7294,-1.8650
edm,50.8000,1.4454,9.6712,-1.8610
edm,50.9000,1.1355,9.6546,-1.8198
edm,51.0000,1.3003,9.6011,-1.8539
edm,51.1000,1.1966,9.5649,-1.8213
edm,51.2000,1.5411,9.5329,-1.8676
edm,51.3000,1.4366,9.5115,-1.8344
edm,51.4000,1.5120,9.5328,-1.8217
edm,51.5000,1.5717,9.5780,-1.8340
edm,51.6000,1.5868,9.5535,-1.8365
edm,51.7000,1.6190,9.4587,-1.8317
edm,51.8000,1.8166,9.3787,-1.8479
edm,51.9000,1.5663,9.3404,-1.7938
edm,52.0000,1.7141,9.2614,-1.8094
edm,52.1000,1.5271,9.1404,-1.7806
edm,52.2000,1.7617,9.0273,-1.8300
edm,52.3000,1.5531,8.8878,-1.8136
edm,52.4000,1.4938,8.6911,-1.7918
edm,52.5000,1.4805,8.5745,-1.7859
edm,52.6000,1.4305,8.5235,-1.7870
edm,52.7000,1.3677,8.4599,-1.7842
edm,52.8000,1.4561,8.4517,-1.7966
edm,52.9000,1.1018,8.4334,-1.7389
edm,53.0000,1.2679,8.5570,-1.7458
edm,53.1000,1.1547,8.5900,-1.7292
edm,53.2000,1.4637,8.8041,-1.7813
edm,53.3000,1.3230,8.8258,-1.7553
edm,53.4000,1.3236,8.8585,-1.7447
edm,53.5000,1.3192,8.8611,-1.7474
edm,53.6000,1.2976,8.8429,-1.7497
edm,53.7000,1.2603,8.8340,-1.7490
edm,53.8000,1.4307,8.8656,-1.7770
edm,53.9000,1.1925,8.7104,-1.7249
edm,54.0000,1.3888,8.7861,-1.7402
edm,54.1000,1.2600,8.8254,-1.7131
edm,54.2000,1.5801,9.0521,-1.7650
edm,54.3000,1.4068,9.0947,-1.7501
edm,54.4000,1.3646,9.2043,-1.7620
edm,54.5000,1.3369,9.2649,-1.7644
edm,54.6000,1.3356,9.3028,-1.7581
edm,54.7000,1.3401,9.2828,-1.7616
edm,54.8000,1.5160,9.3374,-1.7967
edm,54.9000,1.2176,9.2871,-1.7601
edm,55.0000,1.3816,9.4111,-1.7966
edm,55.1000,1.2485,9.4222,-1.7750
edm,55.2000,1.6304,9.5976,-1.8352
edm,55.3000,1.4832,9.5896,-1.8199
edm,55.4000,1.4439,9.5840,-1.8361
edm,55.5000,1.4038,9.5430,-1.8410
edm,55.6000,1.3688,9.5076,-1.8557
edm,55.7000,1.3807,9.4943,-1.8626
edm,55.8000,1.5476,9.5133,-1.8779
edm,55.9000,1.1916,9.3721,-1.8139
edm,56.0000,1.2962,9.3526,-1.8430
edm,56.1000,1.0909,9.2696,-1.8265
edm,56.2000,1.3481,9.2354,-1.8556
edm,56.3000,1.1797,9.1918,-1.8234
edm,56.4000,1.1846,9.3170,-1.8385
edm,56.5000,1.1760,9.4842,-1.8574
edm,56.6000,1.1693,9.6446,-1.8687
edm,56.7000,1.1596,9.7180,-1.8637
edm,56.8000,1.2935,9.8041,-1.8887
edm,56.9000,0.9854,9.8702,-1.8447
edm,57.0000,1.1407,9.9892,-1.8608
edm,57.1000,0.9789,10.0191,-1.8413
edm,57.2000,1.2269,10.0629,-1.8885
edm,57.3000,1.0447,9.9992,-1.8628
edm,57.4000,1.0294,9.9194,-1.8622
edm,57.5000,1.0463,9.8660,-1.8582
edm,57.6000,1.0863,9.8252,-1.8565
edm,57.7000,1.1308,9.7749,-1.8509
edm,57.8000,1.3192,9.7086,-1.8829
edm,57.9000,0.9941,9.5874,-1.8394
edm,58.0000,1.1170,9.4331,-1.8620
edm,58.1000,0.9615,9.3388,-1.8450
edm,58.2000,1.3290,9.1981,-1.8832
edm,58.3000,1.1854,9.0673,-1.8616
edm,58.4000,1.1648,8.9228,-1.8623
edm,58.5000,1.1293,8.7497,-1.8556
edm,58.6000,1.1140,8.5768,-1.8560
edm,58.7000,1.1151,8.4364,-1.8483
edm,58.8000,1.3124,8.2869,-1.8348
edm,58.9000,1.0244,8.1742,-1.7697
edm,59.0000,1.2467,8.1005,-1.7767
edm,59.1000,1.1072,8.0915,-1.7559
edm,59.2000,1.4254,8.1398,-1.7910
edm,59.3000,1.2629,8.1579,-1.7714
edm,59.4000,1.2770,8.2279,-1.7805
edm,59.5000,1.3069,8.2925,-1.7767
edm,59.6000,1.3374,8.3384,-1.7606
edm,59.7000,1.3605,8.3947,-1.7514
edm,59.8000,1.5495,8.4154,-1.7684
edm,59.9000,1.2352,8.3722,-1.7374
edm,60.0000,1.3773,8.4121,-1.7700
meditation,0.0000,1.8967,6.3528,-0.5307
meditation,0.1000,1.5946,6.4592,-0.5608
meditation,0.2000,1.7892,6.5127,-0.5499
meditation,0.3000,1.8631,6.5240,-0.5449
meditation,0.4000,1.7416,6.4714,-0.5546
meditation,0.5000,2.1020,6.3368,-0.5283
meditation,0.6000,1.8513,6.4494,-0.5657
meditation,0.7000,2.0547,6.4730,-0.5603
meditation,0.8000,2.0545,6.4569,-0.5669
meditation,0.9000,1.9042,6.4066,-0.5852
meditation,1.0000,2.2276,6.2877,-0.5591
meditation,1.1000,1.9004,6.4211,-0.6093
meditation,1.2000,2.0511,6.3976,-0.6025
meditation,1.3000,2.0374,6.2767,-0.6017
meditation,1.4000,1.8796,6.1546,-0.6233
meditation,1.5000,2.2122,5.9392,-0.5929
meditation,1.6000,1.8191,6.0226,-0.6234
meditation,1.7000,1.9760,5.9775,-0.6051
meditation,1.8000,1.9409,5.9555,-0.6079
meditation,1.9000,1.7414,5.9619,-0.6273
meditation,2.0000,2.0935,5.8772,-0.6174
meditation,2.1000,1.7194,6.1555,-0.6949
meditation,2.2000,1.8790,6.2732,-0.7142
meditation,2.3000,1.8805,6.3828,-0.7333
meditation,2.4000,1.7531,6.4676,-0.7624
meditation,2.5000,2.1361,6.3682,-0.7125
meditation,2.6000,1.7836,6.5607,-0.7544
meditation,2.7000,1.9367,6.5933,-0.7173
meditation,2.8000,1.9229,6.6421,-0.7181
meditation,2.9000,1.7411,6.6761,-0.7372
meditation,3.0000,2.0361,6.6626,-0.6919
meditation,3.1000,1.6404,6.7454,-0.7130
meditation,3.2000,1.7934,6.8109,-0.6887
meditation,3.3000,1.8065,6.8590,-0.6789
meditation,3.4000,1.6757,6.7652,-0.6724
meditation,3.5000,2.0858,6.8149,-0.6357
meditation,3.6000,1.7095,6.8224,-0.6488
meditation,3.7000,1.8659,6.9468,-0.6182
meditation,3.8000,1.8638,6.9442,-0.6065
meditation,3.9000,1.6682,6.8055,-0.6179
meditation,4.0000,2.0323,6.8977,-0.6047
meditation,4.1000,1.6336,6.6182,-0.6089
meditation,4.2000,1.6965,6.5982,-0.6069
meditation,4.3000,1.6516,6.5185,-0.6155
meditation,4.4000,1.4921,6.3999,-0.6375
meditation,4.5000,1.8480,6.5950,-0.6447
meditation,4.6000,1.4791,6.3574,-0.6589
meditation,4.7000,1.6368,6.4179,-0.6675
meditation,4.8000,1.6442,6.3952,-0.6787
meditation,4.9000,1.4661,6.3086,-0.6934
meditation,5.0000,1.8031,6.5883,-0.6943
meditation,5.1000,1.4423,6.3685,-0.7173
meditation,5.2000,1.5956,6.4703,-0.7231
meditation,5.3000,1.6522,6.4622,-0.7206
meditation,5.4000,1.5802,6.3589,-0.7203
meditation,5.5000,1.9889,6.6358,-0.7070
meditation,5.6000,1.6266,6.5471,-0.7280
meditation,5.7000,1.7783,6.7666,-0.7379
meditation,5.8000,1.7875,6.9156,-0.7474
meditation,5.9000,1.6359,6.9605,-0.7486
meditation,6.0000,1.9384,7.2896,-0.7342
meditation,6.1000,1.5500,7.1275,-0.7581
meditation,6.2000,1.6263,7.2735,-0.7560
meditation,6.3000,1.6278,7.3510,-0.7530
meditation,6.4000,1.5179,7.3361,-0.7571
meditation,6.5000,1.9019,7.5430,-0.7431
meditation,6.6000,1.5321,7.3723,-0.7617
meditation,6.7000,1.6413,7.5251,-0.7629
meditation,6.8000,1.6369,7.6050,-0.7640
meditation,6.9000,1.5003,7.5424,-0.7572
meditation,7.0000,1.8585,7.7120,-0.7262
meditation,7.1000,1.4875,7.4953,-0.7472
meditation,7.2000,1.5683,7.5026,-0.7517
meditation,7.3000,1.5394,7.4462,-0.7651
meditation,7.4000,1.4170,7.3713,-0.7741
meditation,7.5000,1.7854,7.6551,-0.7621
meditation,7.6000,1.4690,7.4781,-0.7840
meditation,7.7000,1.6519,7.6100,-0.7870
meditation,7.8000,1.6182,7.6381,-0.7770
meditation,7.9000,1.4090,7.6201,-0.7808
meditation,8.0000,1.6144,7.7685,-0.7805
meditation,8.1000,1.5488,7.7330,-0.7838
meditation,8.2000,1.5016,7.7016,-0.7945
meditation,8.3000,1.4750,7.6641,-0.7874
meditation,8.4000,1.4867,7.7157,-0.7777
meditation,8.5000,1.3682,7.7278,-0.7936
meditation,8.6000,1.4346,7.9007,-0.7893
meditation,8.7000,1.4065,7.9760,-0.7887
meditation,8.8000,1.4032,8.0416,-0.7918
meditation,8.9000,1.4072,8.1244,-0.8022
meditation,9.0000,1.3194,8.1023,-0.8208
meditation,9.1000,1.3801,8.2022,-0.8172
meditation,9.2000,1.3464,8.2364,-0.8272
meditation,9.3000,1.3692,8.3223,-0.8310
meditation,9.4000,1.4192,8.3874,-0.8292
meditation,9.5000,1.3821,8.3452,-0.8224
meditation,9.6000,1.4686,8.3308,-0.8006
meditation,9.7000,1.4432,8.2927,-0.7846
meditation,9.8000,1.4499,8.2447,-0.7782
meditation,9.9000,1.4075,8.2345,-0.7863
meditation,10.0000,1.2809,8.1962,-0.7963
meditation,10.1000,1.3069,8.1072,-0.7773
meditation,10.2000,1.3099,7.9484,-0.7692
meditation,10.3000,1.3230,7.8061,-0.7559
meditation,10.4000,1.3785,7.7340,-0.7497
meditation,10.5000,1.3557,7.6642,-0.7551
meditation,10.6000,1.5136,7.5809,-0.7337
meditation,10.7000,1.5530,7.4951,-0.7306
meditation,10.8000,1.5567,7.4341,-0.7163
meditation,10.9000,1.5189,7.3620,-0.6895
meditation,11.0000,1.4250,7.2801,-0.6818
meditation,11.1000,1.4555,7.1915,-0.6529
meditation,11.2000,1.4165,7.1691,-0.6704
meditation,11.3000,1.4443,7.2161,-0.6961
meditation,11.4000,1.4772,7.2640,-0.6961
meditation,11.5000,1.4181,7.3197,-0.7046
meditation,11.6000,1.4473,7.2794,-0.7029
meditation,11.7000,1.4389,7.3067,-0.7221
meditation,11.8000,1.4358,7.4015,-0.7528
meditation,11.9000,1.4438,7.5519,-0.7706
meditation,12.0000,1.3833,7.7589,-0.7940
meditation,12.1000,1.4351,7.8360,-0.7878
meditation,12.2000,1.4492,7.9303,-0.7942
meditation,12.3000,1.5039,7.9719,-0.8049
meditation,12.4000,1.5819,8.0007,-0.7951
meditation,12.5000,1.5600,8.1141,-0.8062
meditation,12.6000,1.6135,8.1115,-0.7893
meditation,12.7000,1.5767,8.1387,-0.7858
meditation,12.8000,1.5664,8.0829,-0.7872
meditation,12.9000,1.5433,8.0121,-0.7811
meditation,13.0000,1.4664,8.0867,-0.7974
meditation,13.1000,1.4628,8.0778,-0.8077
meditation,13.2000,1.4310,8.1571,-0.8477
meditation,13.3000,1.4290,8.2243,-0.8871
meditation,13.4000,1.4346,8.2717,-0.8925
meditation,13.5000,1.4333,8.2819,-0.8957
meditation,13.6000,1.4789,8.2647,-0.8780
meditation,13.7000,1.4979,8.2511,-0.8739
meditation,13.8000,1.4985,8.2334,-0.8732
meditation,13.9000,1.4616,8.2351,-0.8710
meditation,14.0000,1.3779,8.2240,-0.8811
meditation,14.1000,1.3476,8.2366,-0.8799
meditation,14.2000,1.2885,8.2690,-0.8874
meditation,14.3000,1.3205,8.2517,-0.8785
meditation,14.4000,1.3908,8.2440,-0.8633
meditation,14.5000,1.3631,8.2247,-0.8612
meditation,14.6000,1.3677,8.2415,-0.8443
meditation,14.7000,1.3363,8.2680,-0.8345
meditation,14.8000,1.3040,8.3761,-0.8342
meditation,14.9000,1.2945,8.5034,-0.8379
meditation,15.0000,1.2843,8.5559,-0.8323
meditation,15.1000,1.3487,8.6770,-0.8042
meditation,15.2000,1.3321,8.7482,-0.7969
meditation,15.3000,1.3580,8.7270,-0.7963
meditation,15.4000,1.3913,8.6179,-0.7913
meditation,15.5000,1.3598,8.4946,-0.7934
meditation,15.6000,1.4449,8.4167,-0.7742
meditation,15.7000,1.4897,8.2220,-0.7787
meditation,15.8000,1.4995,8.0570,-0.7772
meditation,15.9000,1.5395,7.9467,-0.7579
meditation,16.0000,1.5074,7.7959,-0.7479
meditation,16.1000,1.5055,7.8267,-0.7431
meditation,16.2000,1.4927,7.7396,-0.7301
meditation,16.3000,1.4692,7.6993,-0.7273
meditation,16.4000,1.4214,7.6648,-0.7294
meditation,16.5000,1.3731,7.4791,-0.7307
meditation,16.6000,1.3485,7.5863,-0.7297
meditation,16.7000,1.2734,7.5870,-0.7424
meditation,16.8000,1.2538,7.6614,-0.7532
meditation,16.9000,1.2414,7.7457,-0.7571
meditation,17.0000,1.2807,7.5947,-0.7520
meditation,17.1000,1.3531,7.7556,-0.7443
meditation,17.2000,1.3943,7.6789,-0.7328
meditation,17.3000,1.4164,7.6805,-0.7310
meditation,17.4000,1.4314,7.7127,-0.7151
meditation,17.5000,1.4147,7.5315,-0.7116
meditation,17.6000,1.4190,7.7125,-0.7185
meditation,17.7000,1.4022,7.6096,-0.7202
meditation,17.8000,1.4153,7.5742,-0.7188
meditation,17.9000,1.4627,7.6537,-0.7193
meditation,18.0000,1.4442,7.4526,-0.7107
meditation,18.1000,1.3789,7.6391,-0.7000
meditation,18.2000,1.2776,7.5563,-0.6980
meditation,18.3000,1.2277,7.5641,-0.6975
meditation,18.4000,1.2087,7.6425,-0.6993
meditation,18.5000,1.1763,7.5531,-0.7048
meditation,18.6000,1.2183,7.8011,-0.6933
meditation,18.7000,1.2509,7.8063,-0.6897
meditation,18.8000,1.3336,7.8045,-0.6899
meditation,18.9000,1.3989,7.8109,-0.6830
meditation,19.0000,1.3448,7.6243,-0.6945
meditation,19.1000,1.3522,7.6512,-0.6778
meditation,19.2000,1.3106,7.5454,-0.6713
meditation,19.3000,1.2689,7.5475,-0.6798
meditation,19.4000,1.2648,7.5555,-0.6851
meditation,19.5000,1.2381,7.3527,-0.6961
meditation,19.6000,1.2386,7.4738,-0.6970
meditation,19.7000,1.2236,7.4755,-0.7069
meditation,19.8000,1.2130,7.5726,-0.7171
meditation,19.9000,1.1918,7.7538,-0.7193
meditation,20.0000,1.1595,7.6161,-0.7236
meditation,20.1000,1.1674,7.7480,-0.7164
meditation,20.2000,1.1204,7.6397,-0.7156
meditation,20.3000,1.0912,7.6135,-0.7173
meditation,20.4000,1.0758,7.7160,-0.7250
meditation,20.5000,1.0399,7.6346,-0.7260
meditation,20.6000,1.0607,7.9383,-0.7467
meditation,20.7000,1.0616,7.9054,-0.7471
meditation,20.8000,1.0444,7.8617,-0.7393
meditation,20.9000,1.0648,7.8483,-0.7311
meditation,21.0000,1.0490,7.5434,-0.7180
meditation,21.1000,1.0585,7.6973,-0.7237
meditation,21.2000,1.0806,7.5809,-0.7277
meditation,21.3000,1.1163,7.5210,-0.7265
meditation,21.4000,1.1272,7.5588,-0.7234
meditation,21.5000,1.0784,7.3774,-0.7273
meditation,21.6000,1.0904,7.6183,-0.7305
meditation,21.7000,1.0523,7.6126,-0.7377
meditation,21.8000,1.0513,7.6420,-0.7364
meditation,21.9000,1.0481,7.6685,-0.7356
meditation,22.0000,1.0196,7.5094,-0.7385
meditation,22.1000,1.1007,7.7561,-0.7498
meditation,22.2000,1.1544,7.8088,-0.7590
meditation,22.3000,1.2072,7.9124,-0.7589
meditation,22.4000,1.2416,8.0390,-0.7613
meditation,22.5000,1.1573,7.9098,-0.7736
meditation,22.6000,1.1698,8.0423,-0.7703
meditation,22.7000,1.1020,7.9952,-0.7754
meditation,22.8000,1.0756,7.9990,-0.7791
meditation,22.9000,1.0575,8.0144,-0.7699
meditation,23.0000,0.9806,7.8854,-0.7720
meditation,23.1000,1.0591,7.9114,-0.7750
meditation,23.2000,1.0645,7.8299,-0.7728
meditation,23.3000,1.1160,7.9080,-0.7773
meditation,23.4000,1.2036,8.0833,-0.7826
meditation,23.5000,1.2250,8.0973,-0.7771
meditation,23.6000,1.2844,8.2474,-0.7804
meditation,23.7000,1.2751,8.1657,-0.7811
meditation,23.8000,1.2583,8.0463,-0.7701
meditation,23.9000,1.2824,8.0076,-0.7659
meditation,24.0000,1.2093,7.8856,-0.7614
meditation,24.1000,1.1835,8.0087,-0.7621
meditation,24.2000,1.1154,8.0092,-0.7656
meditation,24.3000,1.0925,8.0069,-0.7619
meditation,24.4000,1.0850,8.0015,-0.7500
meditation,24.5000,0.9859,7.8809,-0.7226
meditation,24.6000,0.9756,7.9637,-0.7107
meditation,24.7000,0.8558,8.0433,-0.7171
meditation,24.8000,0.7624,8.1861,-0.7236
meditation,24.9000,0.7258,8.2776,-0.7268
meditation,25.0000,0.6326,8.2522,-0.7303
meditation,25.1000,0.7371,8.3578,-0.7480
meditation,25.2000,0.7647,8.4297,-0.7619
meditation,25.3000,0.8312,8.5388,-0.7834
meditation,25.4000,0.9019,8.6024,-0.7851
meditation,25.5000,0.8492,8.5707,-0.7882
meditation,25.6000,0.9460,8.5876,-0.7971
meditation,25.7000,0.9408,8.5571,-0.8033
meditation,25.8000,0.9537,8.5539,-0.8022
meditation,25.9000,0.9857,8.6032,-0.8121
meditation,26.0000,0.9335,8.6085,-0.8212
meditation,26.1000,1.0350,8.6875,-0.8144
meditation,26.2000,1.0148,8.7742,-0.8082
meditation,26.3000,1.0143,8.8564,-0.8171
meditation,26.4000,1.0056,8.8824,-0.8271
meditation,26.5000,0.9944,8.8700,-0.8296
meditation,26.6000,1.0064,8.8777,-0.8302
meditation,26.7000,1.0339,8.9751,-0.8400
meditation,26.8000,1.0826,9.0726,-0.8549
meditation,26.9000,1.1480,9.1175,-0.8507
meditation,27.0000,1.0628,9.1049,-0.8389
meditation,27.1000,1.1001,9.0945,-0.8346
meditation,27.2000,1.0891,9.0650,-0.8299
meditation,27.3000,1.1390,9.0884,-0.8296
meditation,27.4000,1.2029,9.1411,-0.8285
meditation,27.5000,1.2596,9.1629,-0.8191
meditation,27.6000,1.2705,9.2085,-0.8196
meditation,27.7000,1.2503,9.2461,-0.8239
meditation,27.8000,1.2139,9.2548,-0.8211
meditation,27.9000,1.2041,9.2391,-0.8280
meditation,28.0000,1.1129,9.2034,-0.8311
meditation,28.1000,1.1997,9.1734,-0.8371
meditation,28.2000,1.2182,9.2202,-0.8374
meditation,28.3000,1.2601,9.2348,-0.8310
meditation,28.4000,1.3263,9.2783,-0.8312
meditation,28.5000,1.4104,9.3304,-0.8377
meditation,28.6000,1.4947,9.3553,-0.8418
meditation,28.7000,1.5441,9.3380,-0.8516
meditation,28.8000,1.5812,9.2640,-0.8358
meditation,28.9000,1.6115,9.2138,-0.8042
meditation,29.0000,1.5022,9.0649,-0.7847
meditation,29.1000,1.5394,9.0823,-0.7801
meditation,29.2000,1.4429,9.0641,-0.7898
meditation,29.3000,1.4150,9.0801,-0.7987
meditation,29.4000,1.3657,9.1040,-0.8031
meditation,29.5000,1.3501,9.0857,-0.7954
meditation,29.6000,1.3334,9.0485,-0.7957
meditation,29.7000,1.2913,9.0260,-0.7946
meditation,29.8000,1.2587,9.0396,-0.8015
meditation,29.9000,1.2353,9.1012,-0.8088
meditation,30.0000,1.1680,9.0551,-0.8238
meditation,30.1000,1.2601,9.1229,-0.8301
meditation,30.2000,1.2489,9.0738,-0.8157
meditation,30.3000,1.2616,9.0932,-0.8207
meditation,30.4000,1.2753,9.2249,-0.8404
meditation,30.5000,1.2840,9.3958,-0.8603
meditation,30.6000,1.2966,9.5669,-0.8690
meditation,30.7000,1.3102,9.7252,-0.8819
meditation,30.8000,1.3333,9.8517,-0.8952
meditation,30.9000,1.3775,9.9313,-0.9023
meditation,31.0000,1.3507,9.8859,-0.8931
meditation,31.1000,1.4576,9.8812,-0.8833
meditation,31.2000,1.4417,9.8730,-0.8889
meditation,31.3000,1.4045,9.9231,-0.8937
meditation,31.4000,1.4241,9.9827,-0.9055
meditation,31.5000,1.4613,10.0295,-0.9060
meditation,31.6000,1.4780,10.0512,-0.9033
meditation,31.7000,1.5069,10.0421,-0.8940
meditation,31.8000,1.5018,10.0345,-0.8941
meditation,31.9000,1.4908,10.0462,-0.9159
meditation,32.0000,1.4142,10.0066,-0.9283
meditation,32.1000,1.5229,10.0417,-0.9312
meditation,32.2000,1.5840,10.0518,-0.9418
meditation,32.3000,1.6498,10.0806,-0.9421
meditation,32.4000,1.6445,10.1020,-0.9425
meditation,32.5000,1.6230,10.1518,-0.9383
meditation,32.6000,1.5627,10.2089,-0.9448
meditation,32.7000,1.4943,10.2656,-0.9518
meditation,32.8000,1.4764,10.2086,-0.9468
meditation,32.9000,1.4906,10.1088,-0.9229
meditation,33.0000,1.4096,9.9873,-0.9204
meditation,33.1000,1.4512,9.9506,-0.9088
meditation,33.2000,1.3942,9.8012,-0.8989
meditation,33.3000,1.3707,9.6493,-0.8815
meditation,33.4000,1.4115,9.5147,-0.8776
meditation,33.5000,1.4495,9.3943,-0.8780
meditation,33.6000,1.4428,9.3299,-0.8763
meditation,33.7000,1.4152,9.3090,-0.9038
meditation,33.8000,1.3696,9.2460,-0.9061
meditation,33.9000,1.3570,9.2130,-0.9073
meditation,34.0000,1.2352,9.1364,-0.9047
meditation,34.1000,1.3124,9.1378,-0.9012
meditation,34.2000,1.3036,9.0842,-0.9146
meditation,34.3000,1.2652,9.0595,-0.9278
meditation,34.4000,1.2666,9.0529,-0.9298
meditation,34.5000,1.3234,9.1302,-0.9414
meditation,34.6000,1.3770,9.2271,-0.9487
meditation,34.7000,1.4318,9.2935,-0.9411
meditation,34.8000,1.4939,9.3769,-0.9475
meditation,34.9000,1.5233,9.4795,-0.9568
meditation,35.0000,1.4569,9.5248,-0.9668
meditation,35.1000,1.4690,9.5504,-0.9514
meditation,35.2000,1.4176,9.5345,-0.9410
meditation,35.3000,1.3836,9.4756,-0.9424
meditation,35.4000,1.3810,9.4582,-0.9351
meditation,35.5000,1.4088,9.4702,-0.9286
meditation,35.6000,1.4506,9.4786,-0.9295
meditation,35.7000,1.4763,9.4389,-0.9214
meditation,35.8000,1.4704,9.3981,-0.9192
meditation,35.9000,1.4737,9.3082,-0.9158
meditation,36.0000,1.3314,9.3066,-0.9205
meditation,36.1000,1.3385,9.2074,-0.9238
meditation,36.2000,1.2985,9.1666,-0.9320
meditation,36.3000,1.2824,9.0839,-0.9341
meditation,36.4000,1.2518,9.0101,-0.9284
meditation,36.5000,1.2199,8.9981,-0.9404
meditation,36.6000,1.2138,9.0101,-0.9540
meditation,36.7000,1.2204,9.0176,-0.9550
meditation,36.8000,1.2568,9.0875,-0.9687
meditation,36.9000,1.3368,9.0878,-0.9788
meditation,37.0000,1.3320,9.1386,-0.9760
meditation,37.1000,1.4096,9.1397,-0.9721
meditation,37.2000,1.4099,9.2551,-0.9959
meditation,37.3000,1.4375,9.3262,-1.0101
meditation,37.4000,1.4136,9.3646,-1.0044
meditation,37.5000,1.4139,9.3420,-1.0048
meditation,37.6000,1.4415,9.2636,-1.0044
meditation,37.7000,1.4371,9.1830,-1.0129
meditation,37.8000,1.4384,9.1013,-1.0050
meditation,37.9000,1.4844,9.0556,-1.0033
meditation,38.0000,1.4822,9.0447,-1.0040
meditation,38.1000,1.5681,9.0296,-0.9967
meditation,38.2000,1.5808,9.0417,-1.0032
meditation,38.3000,1.6269,9.0099,-1.0010
meditation,38.4000,1.6388,8.8904,-0.9875
meditation,38.5000,1.6201,8.7669,-0.9864
meditation,38.6000,1.6416,8.6587,-0.9743
meditation,38.7000,1.6483,8.5976,-0.9664
meditation,38.8000,1.6567,8.5566,-0.9616
meditation,38.9000,1.6994,8.5190,-0.9459
meditation,39.0000,1.6748,8.5127,-0.9585
meditation,39.1000,1.7805,8.4635,-0.9494
meditation,39.2000,1.8123,8.4436,-0.9360
meditation,39.3000,1.8231,8.4516,-0.9271
meditation,39.4000,1.7810,8.4484,-0.9223
meditation,39.5000,1.7717,8.4572,-0.9213
meditation,39.6000,1.7431,8.4724,-0.9268
meditation,39.7000,1.7204,8.4744,-0.9297
meditation,39.8000,1.6926,8.5237,-0.9473
meditation,39.9000,1.6474,8.6107,-0.9626
meditation,40.0000,1.5170,8.7574,-0.9868
meditation,40.1000,1.5513,8.7243,-0.9715
meditation,40.2000,1.5005,8.7118,-0.9676
meditation,40.3000,1.4792,8.6884,-0.9599
meditation,40.4000,1.4751,8.6908,-0.9704
meditation,40.5000,1.4703,8.7254,-0.9721
meditation,40.6000,1.4495,8.8301,-0.9841
meditation,40.7000,1.4186,8.9054,-0.9949
meditation,40.8000,1.4060,8.8702,-0.9934
meditation,40.9000,1.4053,8.7731,-0.9953
meditation,41.0000,1.3294,8.7706,-0.9982
meditation,41.1000,1.4124,8.6687,-0.9832
meditation,41.2000,1.4245,8.7565,-0.9990
meditation,41.3000,1.4163,8.7975,-1.0064
meditation,41.4000,1.4378,8.8346,-1.0161
meditation,41.5000,1.4953,8.8776,-1.0496
meditation,41.6000,1.5510,8.9249,-1.0801
meditation,41.7000,1.5850,8.9202,-1.0834
meditation,41.8000,1.6344,8.8832,-1.0869
meditation,41.9000,1.7274,8.8088,-1.0890
meditation,42.0000,1.7385,8.7442,-1.0855
meditation,42.1000,1.8431,8.6312,-1.0650
meditation,42.2000,1.8324,8.4593,-1.0629
meditation,42.3000,1.8146,8.2601,-1.0371
meditation,42.4000,1.7405,8.1565,-1.0365
meditation,42.5000,1.6307,8.0360,-1.0281
meditation,42.6000,1.5640,7.8913,-1.0205
meditation,42.7000,1.5302,7.8048,-1.0180
meditation,42.8000,1.4842,7.7670,-1.0020
meditation,42.9000,1.4896,7.7349,-0.9863
meditation,43.0000,1.3863,7.8134,-0.9975
meditation,43.1000,1.4149,7.7743,-0.9988
meditation,43.2000,1.3825,7.7889,-1.0051
meditation,43.3000,1.4608,7.7497,-0.9975
meditation,43.4000,1.5258,7.7179,-0.9954
meditation,43.5000,1.5572,7.7063,-0.9853
meditation,43.6000,1.6104,7.7011,-0.9825
meditation,43.7000,1.6839,7.7024,-0.9860
meditation,43.8000,1.7321,7.7225,-0.9895
meditation,43.9000,1.7897,7.7407,-0.9825
meditation,44.0000,1.7153,7.9256,-0.9961
meditation,44.1000,1.7933,7.9153,-0.9868
meditation,44.2000,1.7710,7.9926,-0.9900
meditation,44.3000,1.7741,8.0198,-1.0069
meditation,44.4000,1.7522,8.0288,-1.0111
meditation,44.5000,1.7329,8.0791,-1.0187
meditation,44.6000,1.7055,8.1415,-1.0259
meditation,44.7000,1.6963,8.1649,-1.0116
meditation,44.8000,1.6799,8.1731,-0.9895
meditation,44.9000,1.6845,8.1347,-0.9669
meditation,45.0000,1.5997,8.2257,-0.9847
meditation,45.1000,1.6979,8.1639,-0.9697
meditation,45.2000,1.7127,8.1505,-0.9497
meditation,45.3000,1.7747,8.0506,-0.9238
meditation,45.4000,1.8241,7.9439,-0.9126
meditation,45.5000,1.8443,7.9500,-0.9132
meditation,45.6000,1.8335,8.0227,-0.9282
meditation,45.7000,1.8304,8.0402,-0.9353
meditation,45.8000,1.8497,8.0471,-0.9381
meditation,45.9000,1.8613,8.0636,-0.9434
meditation,46.0000,1.7242,8.1769,-0.9693
meditation,46.1000,1.7536,8.1504,-0.9564
meditation,46.2000,1.6903,8.2109,-0.9646
meditation,46.3000,1.6896,8.2248,-0.9733
meditation,46.4000,1.6925,8.1775,-0.9740
meditation,46.5000,1.6923,8.0963,-0.9591
meditation,46.6000,1.6601,8.0517,-0.9609
meditation,46.7000,1.6093,8.0458,-0.9733
meditation,46.8000,1.5685,7.9774,-0.9643
meditation,46.9000,1.5491,7.8780,-0.9615
meditation,47.0000,1.4354,7.7716,-0.9865
meditation,47.1000,1.4490,7.6037,-0.9749
meditation,47.2000,1.3780,7.4824,-0.9895
meditation,47.3000,1.3240,7.4343,-0.9883
meditation,47.4000,1.3111,7.3841,-0.9904
meditation,47.5000,1.3245,7.2796,-0.9742
meditation,47.6000,1.3354,7.1479,-0.9541
meditation,47.7000,1.3112,7.0196,-0.9334
meditation,47.8000,1.2940,6.8881,-0.9172
meditation,47.9000,1.3355,6.7684,-0.8998
meditation,48.0000,1.3087,6.5945,-0.9001
meditation,48.1000,1.3716,6.4642,-0.8795
meditation,48.2000,1.3412,6.4224,-0.8857
meditation,48.3000,1.3332,6.3687,-0.8845
meditation,48.4000,1.3127,6.2690,-0.8675
meditation,48.5000,1.3000,6.2530,-0.8703
meditation,48.6000,1.2376,6.3117,-0.8969
meditation,48.7000,1.1651,6.4076,-0.9154
meditation,48.8000,1.1361,6.5201,-0.9357
meditation,48.9000,1.1530,6.6178,-0.9566
meditation,49.0000,1.1098,6.6766,-0.9822
meditation,49.1000,1.1516,6.7869,-0.9711
meditation,49.2000,1.1120,6.8425,-0.9809
meditation,49.3000,1.0652,6.8638,-0.9771
meditation,49.4000,1.0269,6.8845,-0.9864
meditation,49.5000,0.9927,6.8906,-0.9935
meditation,49.6000,1.0121,6.8472,-0.9948
meditation,49.7000,1.0488,6.8040,-0.9985
meditation,49.8000,1.0520,6.7749,-0.9951
meditation,49.9000,1.1180,6.6837,-0.9851
meditation,50.0000,1.0889,6.5859,-0.9853
meditation,50.1000,1.1023,6.5400,-0.9609
meditation,50.2000,1.0940,6.5355,-0.9518
meditation,50.3000,1.1451,6.5088,-0.9329
meditation,50.4000,1.1743,6.5018,-0.9165
meditation,50.5000,1.2110,6.5255,-0.9146
meditation,50.6000,1.2706,6.5770,-0.8970
meditation,50.7000,1.3003,6.6596,-0.8839
meditation,50.8000,1.3242,6.7134,-0.8966
meditation,50.9000,1.2968,6.6765,-0.9002
meditation,51.0000,1.1942,6.6185,-0.9021
meditation,51.1000,1.2556,6.5335,-0.8889
meditation,51.2000,1.2371,6.5732,-0.8990
meditation,51.3000,1.2289,6.6131,-0.8973
meditation,51.4000,1.2167,6.6757,-0.8928
meditation,51.5000,1.1996,6.7445,-0.8948
meditation,51.6000,1.1451,6.7726,-0.8982
meditation,51.7000,1.0987,6.7586,-0.9027
meditation,51.8000,1.0691,6.7225,-0.9227
meditation,51.9000,1.0646,6.5956,-0.9256
meditation,52.0000,1.0217,6.6254,-0.9401
meditation,52.1000,1.0811,6.4377,-0.9331
meditation,52.2000,1.0541,6.3214,-0.9333
meditation,52.3000,1.0670,6.1858,-0.9293
meditation,52.4000,1.0701,6.0487,-0.9330
meditation,52.5000,1.0527,5.9292,-0.9309
meditation,52.6000,1.0320,5.9297,-0.9381
meditation,52.7000,1.0114,5.9371,-0.9479
meditation,52.8000,1.0108,5.9367,-0.9382
meditation,52.9000,1.0903,5.9762,-0.9307
meditation,53.0000,1.1413,6.0976,-0.9382
meditation,53.1000,1.2545,6.1195,-0.9267
meditation,53.2000,1.2910,6.1659,-0.9256
meditation,53.3000,1.2884,6.1513,-0.9131
meditation,53.4000,1.2681,6.1798,-0.9168
meditation,53.5000,1.2532,6.2608,-0.9382
meditation,53.6000,1.2547,6.3151,-0.9469
meditation,53.7000,1.3019,6.3416,-0.9475
meditation,53.8000,1.3280,6.3335,-0.9406
meditation,53.9000,1.3394,6.3038,-0.9325
meditation,54.0000,1.3058,6.3712,-0.9425
meditation,54.1000,1.3220,6.3696,-0.9627
meditation,54.2000,1.2977,6.4567,-0.9751
meditation,54.3000,1.2466,6.4260,-0.9678
meditation,54.4000,1.1898,6.4333,-0.9620
meditation,54.5000,1.1393,6.4845,-0.9491
meditation,54.6000,1.0979,6.5161,-0.9385
meditation,54.7000,1.0909,6.5213,-0.9365
meditation,54.8000,1.1409,6.5074,-0.9398
meditation,54.9000,1.2252,6.4822,-0.9323
meditation,55.0000,1.2631,6.5876,-0.9486
meditation,55.1000,1.3221,6.5053,-0.9341
meditation,55.2000,1.3419,6.5288,-0.9424
meditation,55.3000,1.3684,6.4549,-0.9356
meditation,55.4000,1.4079,6.3905,-0.9401
meditation,55.5000,1.4526,6.3288,-0.9345
meditation,55.6000,1.4917,6.2834,-0.9269
meditation,55.7000,1.4975,6.2235,-0.9235
meditation,55.8000,1.4880,6.1271,-0.9220
meditation,55.9000,1.4768,6.0137,-0.9073
meditation,56.0000,1.4826,6.0050,-0.9269
meditation,56.1000,1.5693,5.9020,-0.9193
meditation,56.2000,1.6159,5.8627,-0.9291
meditation,56.3000,1.6113,5.8167,-0.9429
meditation,56.4000,1.5671,5.7763,-0.9486
meditation,56.5000,1.4966,5.7395,-0.9461
meditation,56.6000,1.4367,5.6796,-0.9376
meditation,56.7000,1.4175,5.5851,-0.9297
meditation,56.8000,1.4102,5.5417,-0.9398
meditation,56.9000,1.4311,5.4530,-0.9348
meditation,57.0000,1.4670,5.4543,-0.9644
meditation,57.1000,1.4517,5.3255,-0.9462
meditation,57.2000,1.4623,5.3483,-0.9490
meditation,57.3000,1.4954,5.4062,-0.9440
meditation,57.4000,1.5063,5.5299,-0.9613
meditation,57.5000,1.5234,5.7088,-0.9748
meditation,57.6000,1.5247,5.8940,-0.9711
meditation,57.7000,1.4865,6.1095,-0.9722
meditation,57.8000,1.4601,6.3348,-0.9902
meditation,57.9000,1.4535,6.4792,-0.9925
meditation,58.0000,1.4679,6.7199,-1.0189
meditation,58.1000,1.4850,6.7778,-0.9855
meditation,58.2000,1.5213,6.9539,-0.9971
meditation,58.3000,1.5593,7.0668,-1.0107
meditation,58.4000,1.5811,7.1295,-1.0145
meditation,58.5000,1.5805,7.1970,-1.0181
meditation,58.6000,1.5569,7.2527,-1.0265
meditation,58.7000,1.5093,7.2534,-1.0249
meditation,58.8000,1.4698,7.2539,-1.0342
meditation,58.9000,1.4409,7.1831,-1.0235
meditation,59.0000,1.4123,7.1449,-1.0454
meditation,59.1000,1.4268,7.1248,-1.0159
meditation,59.2000,1.4436,7.1079,-1.0055
meditation,59.3000,1.4564,7.0285,-0.9940
meditation,59.4000,1.4540,6.9617,-1.0041
meditation,59.5000,1.4724,6.9154,-1.0053
meditation,59.6000,1.4960,6.8115,-0.9801
meditation,59.7000,1.5513,6.6473,-0.9284
meditation,59.8000,1.6302,6.5764,-0.9072
meditation,59.9000,1.7218,6.5396,-0.8931
meditation,60.0000,1.6985,6.5824,-0.9233
salsa,0.0000,0.9971,8.4876,-0.5852
salsa,0.1000,1.3018,8.4073,-0.5940
salsa,0.2000,1.4535,8.3264,-0.6202
salsa,0.3000,1.4854,8.2520,-0.6228
salsa,0.4000,1.3246,8.2611,-0.5864
salsa,0.5000,1.0344,8.3880,-0.5791
salsa,0.6000,1.3906,8.2136,-0.5763
salsa,0.7000,1.5927,8.0760,-0.5986
salsa,0.8000,1.5908,8.0349,-0.5982
salsa,0.9000,1.4203,8.0396,-0.5520
salsa,1.0000,1.0584,8.1009,-0.5201
salsa,1.1000,1.3476,7.8410,-0.5142
salsa,1.2000,1.4385,7.6992,-0.5438
salsa,1.3000,1.4606,7.6676,-0.5324
salsa,1.4000,1.3439,7.7764,-0.4933
salsa,1.5000,1.1241,7.9239,-0.4876
salsa,1.6000,1.5074,7.8081,-0.4753
salsa,1.7000,1.6799,7.7303,-0.5038
salsa,1.8000,1.6667,7.8060,-0.4948
salsa,1.9000,1.5448,7.9857,-0.4640
salsa,2.0000,1.2071,8.1559,-0.4563
salsa,2.1000,1.5185,8.1025,-0.4528
salsa,2.2000,1.6650,8.0602,-0.4973
salsa,2.3000,1.6837,8.0859,-0.4960
salsa,2.4000,1.5360,8.2024,-0.4572
salsa,2.5000,1.2688,8.3932,-0.4663
salsa,2.6000,1.6284,8.3561,-0.4838
salsa,2.7000,1.7997,8.3683,-0.5369
salsa,2.8000,1.8219,8.4103,-0.5282
salsa,2.9000,1.7492,8.5344,-0.5039
salsa,3.0000,1.4806,8.7999,-0.5115
salsa,3.1000,1.8955,8.7187,-0.5210
salsa,3.2000,2.0875,8.7759,-0.5817
salsa,3.3000,2.1237,8.9100,-0.5994
salsa,3.4000,1.9652,9.1472,-0.5750
salsa,3.5000,1.6141,9.5541,-0.6065
salsa,3.6000,1.8902,9.4166,-0.6035
salsa,3.7000,1.9640,9.4076,-0.6311
salsa,3.8000,1.9140,9.5037,-0.6263
salsa,3.9000,1.8125,9.6132,-0.5900
salsa,4.0000,1.5401,9.9601,-0.6071
salsa,4.1000,2.0168,9.6302,-0.6343
salsa,4.2000,1.8827,9.7889,-0.6427
salsa,4.3000,1.8769,9.7695,-0.6540
salsa,4.4000,2.0451,9.5938,-0.6435
salsa,4.5000,1.6148,9.8851,-0.6129
salsa,4.6000,2.0532,9.4492,-0.6306
salsa,4.7000,1.8941,9.4393,-0.6099
salsa,4.8000,1.8820,9.3217,-0.6124
salsa,4.9000,1.9899,9.0807,-0.6190
salsa,5.0000,1.5400,9.3393,-0.5943
salsa,5.1000,1.9090,8.9771,-0.6140
salsa,5.2000,1.7330,9.0794,-0.6056
salsa,5.3000,1.7343,9.0271,-0.6096
salsa,5.4000,1.8774,8.8879,-0.6301
salsa,5.5000,1.4135,9.1586,-0.6128
salsa,5.6000,1.8485,8.8992,-0.6270
salsa,5.7000,1.7052,9.0233,-0.6105
salsa,5.8000,1.7488,9.0212,-0.5996
salsa,5.9000,1.9748,8.8903,-0.6115
salsa,6.0000,1.5670,9.0185,-0.5752
salsa,6.1000,2.0979,8.7338,-0.6042
salsa,6.2000,1.9773,8.7678,-0.6104
salsa,6.3000,2.0324,8.7228,-0.6161
salsa,6.4000,2.2143,8.6089,-0.6269
salsa,6.5000,1.7709,8.7416,-0.6124
salsa,6.6000,2.2632,8.3963,-0.6279
salsa,6.7000,2.1083,8.3421,-0.6082
salsa,6.8000,2.0635,8.2850,-0.6054
salsa,6.9000,2.2041,8.2099,-0.6052
salsa,7.0000,1.7194,8.3332,-0.5866
salsa,7.1000,2.1369,8.1943,-0.6129
salsa,7.2000,1.9371,8.2225,-0.6057
salsa,7.3000,1.9284,8.1715,-0.6004
salsa,7.4000,2.0603,8.0861,-0.6097
salsa,7.5000,1.5677,8.1292,-0.5752
salsa,7.6000,2.0343,8.0166,-0.5882
salsa,7.7000,1.9031,8.0336,-0.5760
salsa,7.8000,1.9346,8.0670,-0.5879
salsa,7.9000,2.1051,8.0981,-0.6083
salsa,8.0000,1.6407,8.1198,-0.5523
salsa,8.1000,2.0418,8.1033,-0.6167
salsa,8.2000,1.8976,8.0688,-0.5909
salsa,8.3000,1.9215,8.0142,-0.5892
salsa,8.4000,2.0859,7.9285,-0.6109
salsa,8.5000,1.7149,7.7850,-0.5276
salsa,8.6000,2.1711,7.6659,-0.6094
salsa,8.7000,2.0525,7.4909,-0.5911
salsa,8.8000,2.0571,7.4158,-0.6015
salsa,8.9000,2.1931,7.3754,-0.6306
salsa,9.0000,1.7323,7.3860,-0.5530
salsa,9.1000,2.1535,7.4240,-0.6326
salsa,9.2000,1.9998,7.4112,-0.6030
salsa,9.3000,2.0204,7.3241,-0.6044
salsa,9.4000,2.1676,7.2070,-0.6343
salsa,9.5000,1.7357,7.1142,-0.5654
salsa,9.6000,2.1906,7.0758,-0.6439
salsa,9.7000,2.0883,7.1112,-0.6159
salsa,9.8000,2.1192,7.2574,-0.6213
salsa,9.9000,2.2776,7.3680,-0.6533
salsa,10.0000,1.9051,7.4326,-0.5889
salsa,10.1000,2.3725,7.4188,-0.6679
salsa,10.2000,2.2800,7.4380,-0.6521
salsa,10.3000,2.2810,7.4215,-0.6607
salsa,10.4000,2.4075,7.3798,-0.6948
salsa,10.5000,1.9391,7.5100,-0.6323
salsa,10.6000,2.3572,7.4946,-0.6970
salsa,10.7000,2.2141,7.5366,-0.6614
salsa,10.8000,2.2505,7.5680,-0.6481
salsa,10.9000,2.3896,7.5920,-0.6653
salsa,11.0000,1.9298,7.5925,-0.5859
salsa,11.1000,2.3410,7.6497,-0.6657
salsa,11.2000,2.1799,7.7014,-0.6486
salsa,11.3000,2.1505,7.7690,-0.6547
salsa,11.4000,2.3236,7.8534,-0.6776
salsa,11.5000,1.8158,7.8192,-0.5880
salsa,11.6000,2.2122,7.9689,-0.6586
salsa,11.7000,2.0209,7.9480,-0.6195
salsa,11.8000,2.0397,7.9852,-0.6054
salsa,11.9000,2.1854,8.1716,-0.6365
salsa,12.0000,1.6714,8.2065,-0.5728
salsa,12.1000,2.1360,8.3998,-0.6631
salsa,12.2000,1.9511,8.4041,-0.6451
salsa,12.3000,1.9454,8.4031,-0.6364
salsa,12.4000,2.0999,8.4563,-0.6458
salsa,12.5000,1.6220,8.4741,-0.5620
salsa,12.6000,2.0239,8.6339,-0.6159
salsa,12.7000,1.8140,8.7065,-0.5899
salsa,12.8000,1.7310,8.7281,-0.5957
salsa,12.9000,1.8158,8.6976,-0.6154
salsa,13.0000,1.3700,8.5341,-0.5345
salsa,13.1000,1.7709,8.5867,-0.5926
salsa,13.2000,1.6313,8.5551,-0.5824
salsa,13.3000,1.6314,8.5671,-0.5769
salsa,13.4000,1.7825,8.6679,-0.6048
salsa,13.5000,1.3445,8.6315,-0.5434
salsa,13.6000,1.8415,8.8113,-0.6181
salsa,13.7000,1.6640,8.8549,-0.6078
salsa,13.8000,1.6364,8.9415,-0.6080
salsa,13.9000,1.8323,9.0486,-0.6410
salsa,14.0000,1.3560,8.9424,-0.5735
salsa,14.1000,1.9046,9.0438,-0.6349
salsa,14.2000,1.7894,8.9942,-0.6178
salsa,14.3000,1.8279,8.9719,-0.6183
salsa,14.4000,2.0063,9.0129,-0.6377
salsa,14.5000,1.4900,8.9057,-0.5611
salsa,14.6000,1.9744,9.0589,-0.6391
salsa,14.7000,1.8632,9.0113,-0.6320
salsa,14.8000,1.9289,9.0053,-0.6403
salsa,14.9000,2.1159,9.0140,-0.6704
salsa,15.0000,1.7099,8.8635,-0.5982
salsa,15.1000,2.1819,8.9106,-0.6623
salsa,15.2000,2.0150,8.9305,-0.6351
salsa,15.3000,1.9977,9.0103,-0.6416
salsa,15.4000,2.1369,9.0346,-0.6658
salsa,15.5000,1.7221,8.9616,-0.6004
salsa,15.6000,2.1294,8.9649,-0.6697
salsa,15.7000,1.9644,8.9229,-0.6421
salsa,15.8000,1.9857,8.9173,-0.6331
salsa,15.9000,2.1529,8.9059,-0.6613
salsa,16.0000,1.7606,8.7538,-0.5990
salsa,16.1000,2.3299,8.7729,-0.7125
salsa,16.2000,2.0071,8.5653,-0.6414
salsa,16.3000,2.0407,8.5601,-0.6437
salsa,16.4000,2.4352,8.7538,-0.7274
salsa,16.5000,1.9280,8.6378,-0.6342
salsa,16.6000,2.4725,8.7915,-0.7349
salsa,16.7000,2.1213,8.6322,-0.6482
salsa,16.8000,2.1167,8.8051,-0.6622
salsa,16.9000,2.4838,9.1433,-0.7533
salsa,17.0000,1.9638,9.0902,-0.6525
salsa,17.1000,2.5304,9.2360,-0.7406
salsa,17.2000,2.1838,9.0964,-0.6558
salsa,17.3000,2.1637,9.1427,-0.6610
salsa,17.4000,2.4917,9.4068,-0.7529
salsa,17.5000,1.8681,9.2695,-0.6596
salsa,17.6000,2.3536,9.5302,-0.7574
salsa,17.7000,1.9412,9.2919,-0.6538
salsa,17.8000,1.9060,9.3524,-0.6436
salsa,17.9000,2.2182,9.6715,-0.7398
salsa,18.0000,1.6777,9.4982,-0.6505
salsa,18.1000,2.2302,9.7805,-0.7582
salsa,18.2000,1.9117,9.5209,-0.6848
salsa,18.3000,1.9521,9.4565,-0.6862
salsa,18.4000,2.3485,9.6633,-0.7743
salsa,18.5000,1.8736,9.4037,-0.6754
salsa,18.6000,2.3761,9.6145,-0.7730
salsa,18.7000,1.9971,9.4174,-0.6883
salsa,18.8000,1.9690,9.4047,-0.6896
salsa,18.9000,2.3067,9.5426,-0.7757
salsa,19.0000,1.7771,9.2391,-0.6705
salsa,19.1000,2.3109,9.3606,-0.7731
salsa,19.2000,1.8909,9.1046,-0.6816
salsa,19.3000,1.8496,9.0561,-0.6685
salsa,19.4000,2.1794,9.2015,-0.7467
salsa,19.5000,1.6203,9.0556,-0.6497
salsa,19.6000,2.1315,9.1715,-0.7545
salsa,19.7000,1.8066,9.0158,-0.6674
salsa,19.8000,1.8590,9.1076,-0.6807
salsa,19.9000,2.2338,9.2623,-0.7682
salsa,20.0000,1.7462,9.1438,-0.6555
salsa,20.1000,2.2719,9.1720,-0.7417
salsa,20.2000,1.9240,8.9864,-0.6538
salsa,20.3000,1.9069,8.9043,-0.6480
salsa,20.4000,2.2543,8.9943,-0.7394
salsa,20.5000,1.6998,8.8516,-0.6350
salsa,20.6000,2.2164,8.9165,-0.7523
salsa,20.7000,1.8442,8.7316,-0.6771
salsa,20.8000,1.8599,8.7063,-0.6707
salsa,20.9000,2.2272,8.7471,-0.7450
salsa,21.0000,1.7937,8.4833,-0.6231
salsa,21.1000,2.3196,8.4877,-0.7091
salsa,21.2000,1.9925,8.2581,-0.6293
salsa,21.3000,1.9659,8.1841,-0.6275
salsa,21.4000,2.2854,8.2762,-0.7165
salsa,21.5000,1.7589,8.1642,-0.6225
salsa,21.6000,2.2793,8.2248,-0.7374
salsa,21.7000,1.9168,7.9564,-0.6518
salsa,21.8000,1.9470,7.7656,-0.6272
salsa,21.9000,2.3155,7.7966,-0.6898
salsa,22.0000,1.8193,7.6993,-0.5836
salsa,22.1000,2.3202,7.8445,-0.7008
salsa,22.2000,1.9870,7.7598,-0.6299
salsa,22.3000,1.9515,7.7609,-0.6421
salsa,22.4000,2.3154,7.8761,-0.7189
salsa,22.5000,1.8295,7.7179,-0.6021
salsa,22.6000,2.3606,7.8986,-0.6981
salsa,22.7000,2.0427,7.8686,-0.6146
salsa,22.8000,2.0844,8.0314,-0.6206
salsa,22.9000,2.4466,8.3151,-0.7184
salsa,23.0000,1.9184,8.1821,-0.6144
salsa,23.1000,2.4764,8.3885,-0.7254
salsa,23.2000,2.1606,8.2427,-0.6354
salsa,23.3000,2.1820,8.3140,-0.6279
salsa,23.4000,2.5179,8.5973,-0.7189
salsa,23.5000,1.9765,8.4353,-0.5902
salsa,23.6000,2.3758,8.6960,-0.7095
salsa,23.7000,1.9297,8.5061,-0.6130
salsa,23.8000,1.8433,8.5166,-0.6186
salsa,23.9000,2.1508,8.7192,-0.7169
salsa,24.0000,1.6550,8.4361,-0.5992
salsa,24.1000,2.2103,8.6450,-0.7197
salsa,24.2000,1.8853,8.3632,-0.6334
salsa,24.3000,1.8902,8.3743,-0.6392
salsa,24.4000,2.2582,8.6307,-0.7336
salsa,24.5000,1.7738,8.2444,-0.6184
salsa,24.6000,2.2796,8.5021,-0.7431
salsa,24.7000,1.8492,8.1580,-0.6521
salsa,24.8000,1.8003,8.1051,-0.6681
salsa,24.9000,2.1185,8.3368,-0.7601
salsa,25.0000,1.6063,7.9563,-0.6486
salsa,25.1000,2.1706,8.3132,-0.7643
salsa,25.2000,1.8471,8.0016,-0.6761
salsa,25.3000,1.8229,7.9677,-0.6726
salsa,25.4000,2.1245,8.2768,-0.7682
salsa,25.5000,1.5589,7.8138,-0.6506
salsa,25.6000,2.0344,8.1756,-0.7485
salsa,25.7000,1.6430,7.8526,-0.6596
salsa,25.8000,1.6365,7.9216,-0.6616
salsa,25.9000,1.9858,8.3079,-0.7478
salsa,26.0000,1.4672,7.9747,-0.6574
salsa,26.1000,1.9421,8.3674,-0.7496
salsa,26.2000,1.5522,8.0616,-0.6561
salsa,26.3000,1.5642,8.0677,-0.6371
salsa,26.4000,1.7878,8.2975,-0.6939
salsa,26.5000,1.7212,8.1711,-0.6682
salsa,26.6000,1.9377,8.3306,-0.7138
salsa,26.7000,1.7726,8.1018,-0.6522
salsa,26.8000,1.8939,7.9979,-0.6326
salsa,26.9000,2.3933,8.1656,-0.7025
salsa,27.0000,1.8897,7.8334,-0.5879
salsa,27.1000,2.3678,8.1480,-0.6968
salsa,27.2000,1.9692,7.8676,-0.6119
salsa,27.3000,1.9516,7.7831,-0.6152
salsa,27.4000,2.1455,7.8657,-0.6681
salsa,27.5000,2.0068,7.6680,-0.6197
salsa,27.6000,2.1121,7.7384,-0.6500
salsa,27.7000,1.8558,7.5515,-0.5796
salsa,27.8000,1.8673,7.6588,-0.5770
salsa,27.9000,2.2707,8.0095,-0.6746
salsa,28.0000,1.7539,7.6976,-0.5779
salsa,28.1000,2.2524,8.0667,-0.6992
salsa,28.2000,1.8371,7.8451,-0.6331
salsa,28.3000,1.7997,7.8608,-0.6500
salsa,28.4000,2.0272,8.0434,-0.7225
salsa,28.5000,1.9008,7.9296,-0.6987
salsa,28.6000,2.0130,7.9199,-0.7258
salsa,28.7000,1.7884,7.5738,-0.6577
salsa,28.8000,1.8202,7.4255,-0.6568
salsa,28.9000,2.1745,7.6422,-0.7519
salsa,29.0000,1.6556,7.3044,-0.6404
salsa,29.1000,2.1893,7.6398,-0.7539
salsa,29.2000,1.9003,7.3221,-0.6637
salsa,29.3000,1.9796,7.2794,-0.6586
salsa,29.4000,2.2598,7.4432,-0.7132
salsa,29.5000,2.1814,7.2871,-0.6731
salsa,29.6000,2.2709,7.3981,-0.7019
salsa,29.7000,2.0015,7.2225,-0.6301
salsa,29.8000,1.9650,7.3385,-0.6443
salsa,29.9000,2.2838,7.7100,-0.7244
salsa,30.0000,1.7949,7.4362,-0.6036
salsa,30.1000,2.2681,7.8705,-0.7156
salsa,30.2000,1.8998,7.5616,-0.6149
salsa,30.3000,1.8524,7.5439,-0.6063
salsa,30.4000,2.1043,7.8115,-0.6702
salsa,30.5000,2.0002,7.6998,-0.6272
salsa,30.6000,2.1345,7.9182,-0.6642
salsa,30.7000,1.8601,7.7614,-0.6028
salsa,30.8000,1.8148,7.8693,-0.6079
salsa,30.9000,2.1708,8.1674,-0.6976
salsa,31.0000,1.6394,7.7265,-0.5830
salsa,31.1000,2.1565,8.0666,-0.6961
salsa,31.2000,1.7450,7.7172,-0.5923
salsa,31.3000,1.6494,7.6909,-0.5873
salsa,31.4000,1.8773,7.9339,-0.6573
salsa,31.5000,1.7609,7.8657,-0.6259
salsa,31.6000,1.8700,8.0065,-0.6595
salsa,31.7000,1.6232,7.8445,-0.6088
salsa,31.8000,1.6577,7.9334,-0.6146
salsa,31.9000,2.0716,8.3201,-0.7066
salsa,32.0000,1.5792,7.9607,-0.6130
salsa,32.1000,2.1994,8.2500,-0.7103
salsa,32.2000,1.8624,7.9391,-0.6096
salsa,32.3000,1.8370,8.0175,-0.6158
salsa,32.4000,2.0608,8.4333,-0.7075
salsa,32.5000,1.8886,8.4503,-0.6961
salsa,32.6000,2.0170,8.6691,-0.7409
salsa,32.7000,1.7984,8.4713,-0.6780
salsa,32.8000,1.8492,8.5402,-0.6876
salsa,32.9000,2.3067,8.8721,-0.7744
salsa,33.0000,1.8409,8.4824,-0.6662
salsa,33.1000,2.3673,8.8635,-0.7664
salsa,33.2000,1.9768,8.6320,-0.6923
salsa,33.3000,1.9298,8.6827,-0.6911
salsa,33.4000,2.1716,8.9604,-0.7465
salsa,33.5000,2.0117,8.8784,-0.7186
salsa,33.6000,2.0729,9.0167,-0.7466
salsa,33.7000,1.7692,8.8086,-0.6866
salsa,33.8000,1.7293,8.7782,-0.6803
salsa,33.9000,2.0672,8.9185,-0.7522
salsa,34.0000,1.5942,8.5905,-0.6540
salsa,34.1000,2.1605,8.7127,-0.7530
salsa,34.2000,1.8450,8.4038,-0.6825
salsa,34.3000,1.8479,8.3411,-0.6817
salsa,34.4000,2.1024,8.4706,-0.7349
salsa,34.5000,1.9790,8.3727,-0.7012
salsa,34.6000,2.0878,8.3923,-0.7195
salsa,34.7000,1.8690,8.1379,-0.6491
salsa,34.8000,1.8855,8.1281,-0.6601
salsa,34.9000,2.1970,8.3475,-0.7541
salsa,35.0000,1.6288,7.9765,-0.6507
salsa,35.1000,2.1402,8.2426,-0.7554
salsa,35.2000,1.7224,7.8895,-0.6708
salsa,35.3000,1.6599,7.7936,-0.6650
salsa,35.4000,1.8761,7.9713,-0.7309
salsa,35.5000,1.7805,7.8537,-0.7112
salsa,35.6000,1.9490,7.9656,-0.7489
salsa,35.7000,1.7443,7.7379,-0.6824
salsa,35.8000,1.7518,7.7843,-0.6812
salsa,35.9000,2.1313,8.1462,-0.7662
salsa,36.0000,1.5941,7.6924,-0.6423
salsa,36.1000,2.1088,8.1144,-0.7621
salsa,36.2000,1.7237,7.6707,-0.6756
salsa,36.3000,1.7369,7.6049,-0.6813
salsa,36.4000,1.9488,7.7616,-0.7476
salsa,36.5000,1.7674,7.6005,-0.7184
salsa,36.6000,1.8168,7.6868,-0.7700
salsa,36.7000,1.5134,7.4395,-0.7057
salsa,36.8000,1.4574,7.4267,-0.7180
salsa,36.9000,1.7858,7.6826,-0.8130
salsa,37.0000,1.2362,7.1829,-0.7147
salsa,37.1000,1.7969,7.5931,-0.8275
salsa,37.2000,1.4693,7.2428,-0.7527
salsa,37.3000,1.4746,7.2112,-0.7565
salsa,37.4000,1.6956,7.3872,-0.8146
salsa,37.5000,1.5528,7.2457,-0.7884
salsa,37.6000,1.6809,7.3084,-0.8270
salsa,37.7000,1.4884,7.0259,-0.7518
salsa,37.8000,1.5176,7.0957,-0.7610
salsa,37.9000,1.8459,7.5142,-0.8653
salsa,38.0000,1.3178,7.1666,-0.7687
salsa,38.1000,1.7685,7.5543,-0.8652
salsa,38.2000,1.3830,7.2525,-0.7780
salsa,38.3000,1.4123,7.2664,-0.7696
salsa,38.4000,1.6897,7.4905,-0.8281
salsa,38.5000,1.6299,7.4570,-0.8048
salsa,38.6000,1.7262,7.5897,-0.8373
salsa,38.7000,1.5096,7.5164,-0.7803
salsa,38.8000,1.5087,7.6204,-0.7799
salsa,38.9000,1.8186,7.8938,-0.8522
salsa,39.0000,1.2767,7.6409,-0.7350
salsa,39.1000,1.7366,7.8887,-0.8198
salsa,39.2000,1.3488,7.6738,-0.7361
salsa,39.3000,1.3087,7.6430,-0.7390
salsa,39.4000,1.5120,7.7707,-0.8097
salsa,39.5000,1.3855,7.7098,-0.7790
salsa,39.6000,1.5049,7.7543,-0.8109
salsa,39.7000,1.3083,7.5738,-0.7508
salsa,39.8000,1.3251,7.5535,-0.7509
salsa,39.9000,1.6814,7.7618,-0.8328
salsa,40.0000,1.2078,7.6028,-0.7607
salsa,40.1000,1.7181,7.8860,-0.8678
salsa,40.2000,1.3808,7.7757,-0.7953
salsa,40.3000,1.4193,7.7391,-0.7814
salsa,40.4000,1.6740,7.8035,-0.8288
salsa,40.5000,1.6316,7.8027,-0.8202
salsa,40.6000,1.7632,7.8953,-0.8493
salsa,40.7000,1.5593,7.8300,-0.7975
salsa,40.8000,1.6143,7.8464,-0.8006
salsa,40.9000,2.0112,7.9536,-0.8601
salsa,41.0000,1.5385,7.7487,-0.7761
salsa,41.1000,2.0189,8.0084,-0.8669
salsa,41.2000,1.5962,7.9673,-0.8155
salsa,41.3000,1.5427,8.0562,-0.8250
salsa,41.4000,1.7674,8.2387,-0.8864
salsa,41.5000,1.6125,8.2829,-0.8561
salsa,41.6000,1.6892,8.4345,-0.8737
salsa,41.7000,1.4500,8.4218,-0.8158
salsa,41.8000,1.4478,8.4946,-0.8098
salsa,41.9000,1.7803,8.7460,-0.8893
salsa,42.0000,1.2854,8.6363,-0.7920
salsa,42.1000,1.7963,8.9600,-0.8812
salsa,42.2000,1.4149,8.9085,-0.8121
salsa,42.3000,1.4317,8.9931,-0.8150
salsa,42.4000,1.6800,9.1473,-0.8708
salsa,42.5000,1.6337,9.1487,-0.8539
salsa,42.6000,1.8340,9.2712,-0.8816
salsa,42.7000,1.7064,9.2331,-0.8334
salsa,42.8000,1.7809,9.3363,-0.8553
salsa,42.9000,2.1275,9.6044,-0.9431
salsa,43.0000,1.6459,9.3395,-0.8556
salsa,43.1000,2.1611,9.5842,-0.9484
salsa,43.2000,1.8716,9.3171,-0.8607
salsa,43.3000,1.9035,9.3207,-0.8552
salsa,43.4000,2.1195,9.5242,-0.9302
salsa,43.5000,1.9578,9.5426,-0.9077
salsa,43.6000,2.0245,9.6661,-0.9408
salsa,43.7000,1.7164,9.5446,-0.8957
salsa,43.8000,1.6874,9.5871,-0.9027
salsa,43.9000,2.0407,9.7400,-0.9741
salsa,44.0000,1.5422,9.5717,-0.8715
salsa,44.1000,2.0749,9.7316,-0.9578
salsa,44.2000,1.7535,9.5758,-0.8933
salsa,44.3000,1.7439,9.5408,-0.8986
salsa,44.4000,1.9627,9.5947,-0.9246
salsa,44.5000,1.8312,9.4775,-0.8844
salsa,44.6000,1.9217,9.5057,-0.9104
salsa,44.7000,1.6571,9.3262,-0.8497
salsa,44.8000,1.6540,9.2900,-0.8339
salsa,44.9000,2.0219,9.3939,-0.9015
salsa,45.0000,1.5084,9.4239,-0.8442
salsa,45.1000,2.0178,9.3814,-0.9266
salsa,45.2000,1.6313,9.1110,-0.8429
salsa,45.3000,1.5884,8.9653,-0.8187
salsa,45.4000,1.8008,8.9809,-0.8576
salsa,45.5000,1.6159,8.8316,-0.8336
salsa,45.6000,1.6925,8.8623,-0.8642
salsa,45.7000,1.4156,8.6679,-0.8113
salsa,45.8000,1.4348,8.6566,-0.8131
salsa,45.9000,1.8382,8.7679,-0.8710
salsa,46.0000,1.3265,8.6336,-0.7967
salsa,46.1000,1.8606,8.6992,-0.8870
salsa,46.2000,1.5117,8.5499,-0.8284
salsa,46.3000,1.5200,8.5200,-0.8295
salsa,46.4000,1.7937,8.5966,-0.8743
salsa,46.5000,1.6435,8.4585,-0.8480
salsa,46.6000,1.7629,8.4766,-0.8698
salsa,46.7000,1.4845,8.3000,-0.8261
salsa,46.8000,1.5178,8.2710,-0.8296
salsa,46.9000,1.9205,8.3883,-0.9000
salsa,47.0000,1.4090,8.2591,-0.8227
salsa,47.1000,1.9162,8.2991,-0.8914
salsa,47.2000,1.5602,8.0837,-0.8241
salsa,47.3000,1.6123,8.0626,-0.8233
salsa,47.4000,1.9345,8.2462,-0.8833
salsa,47.5000,1.8932,8.2211,-0.8619
salsa,47.6000,2.0649,8.3797,-0.8798
salsa,47.7000,1.8467,8.2599,-0.8264
salsa,47.8000,1.8789,8.2480,-0.8168
salsa,47.9000,2.2702,8.4502,-0.8834
salsa,48.0000,1.8383,8.2410,-0.7783
salsa,48.1000,2.3287,8.3850,-0.8629
salsa,48.2000,1.9424,8.1812,-0.7907
salsa,48.3000,1.8873,8.1018,-0.7937
salsa,48.4000,2.1306,8.1691,-0.8569
salsa,48.5000,1.9768,8.0710,-0.8264
salsa,48.6000,2.0486,8.1270,-0.8522
salsa,48.7000,1.7704,7.9130,-0.8001
salsa,48.8000,1.7809,7.8020,-0.7960
salsa,48.9000,2.1346,7.9559,-0.8798
salsa,49.0000,1.6218,7.7241,-0.7969
salsa,49.1000,2.1100,7.8980,-0.8765
salsa,49.2000,1.7245,7.6805,-0.7923
salsa,49.3000,1.6738,7.6687,-0.7976
salsa,49.4000,1.8943,7.7868,-0.8545
salsa,49.5000,1.7118,7.7589,-0.8324
salsa,49.6000,1.8086,7.8961,-0.8552
salsa,49.7000,1.5455,7.8303,-0.7966
salsa,49.8000,1.5924,7.8840,-0.7964
salsa,49.9000,1.9532,8.0955,-0.8849
salsa,50.0000,1.4152,7.9020,-0.7862
salsa,50.1000,1.9939,8.2480,-0.8823
salsa,50.2000,1.6369,8.1618,-0.8145
salsa,50.3000,1.6202,8.2070,-0.8142
salsa,50.4000,1.8645,8.3797,-0.8838
salsa,50.5000,1.7222,8.3756,-0.8518
salsa,50.6000,1.8615,8.5590,-0.8785
salsa,50.7000,1.6262,8.5908,-0.8183
salsa,50.8000,1.7391,8.6757,-0.8298
salsa,50.9000,2.2101,8.8204,-0.9063
salsa,51.0000,1.8164,8.5873,-0.8135
salsa,51.1000,2.3251,8.8431,-0.9014
salsa,51.2000,1.9305,8.7661,-0.8283
salsa,51.3000,2.0499,8.8712,-0.8634
salsa,51.4000,2.0499,8.8831,-0.8543
salsa,51.5000,2.0328,8.8927,-0.8559
salsa,51.6000,2.0347,8.9604,-0.8720
salsa,51.7000,2.0118,9.0424,-0.8890
salsa,51.8000,1.8676,9.0408,-0.8744
salsa,51.9000,2.2226,9.2752,-0.9445
salsa,52.0000,1.6117,9.0976,-0.8550
salsa,52.1000,2.1002,9.4417,-0.9510
salsa,52.2000,1.6934,9.2972,-0.8811
salsa,52.3000,1.8095,9.3784,-0.9070
salsa,52.4000,1.7704,9.4396,-0.9137
salsa,52.5000,1.6795,9.4756,-0.9039
salsa,52.6000,1.6088,9.4856,-0.8802
salsa,52.7000,1.5694,9.4439,-0.8641
salsa,52.8000,1.4617,9.2722,-0.8326
salsa,52.9000,1.8706,9.3654,-0.9093
salsa,53.0000,1.3961,8.9578,-0.8150
salsa,53.1000,1.9804,9.1682,-0.9002
salsa,53.2000,1.6759,8.8684,-0.8148
salsa,53.3000,1.8640,8.8363,-0.8170
salsa,53.4000,1.9280,8.7799,-0.8054
salsa,53.5000,1.9805,8.7700,-0.8085
salsa,53.6000,2.0394,8.7487,-0.8125
salsa,53.7000,2.0492,8.7493,-0.8104
salsa,53.8000,1.9118,8.6793,-0.7892
salsa,53.9000,2.2925,8.9036,-0.8713
salsa,54.0000,1.8067,8.5769,-0.7625
salsa,54.1000,2.2970,8.9305,-0.8633
salsa,54.2000,1.8593,8.7327,-0.7896
salsa,54.3000,1.8841,8.8689,-0.8288
salsa,54.4000,1.8342,8.9351,-0.8445
salsa,54.5000,1.8260,9.0350,-0.8365
salsa,54.6000,1.8160,9.1820,-0.8393
salsa,54.7000,1.7716,9.3439,-0.8365
salsa,54.8000,1.6279,9.4109,-0.8201
salsa,54.9000,1.9791,9.7844,-0.9215
salsa,55.0000,1.4862,9.4762,-0.8250
salsa,55.1000,1.9980,9.7371,-0.9192
salsa,55.2000,1.5783,9.4468,-0.8289
salsa,55.3000,1.6176,9.5423,-0.8620
salsa,55.4000,1.5560,9.5427,-0.8657
salsa,55.5000,1.5129,9.5318,-0.8499
salsa,55.6000,1.5012,9.5641,-0.8335
salsa,55.7000,1.4460,9.6282,-0.8343
salsa,55.8000,1.2583,9.6337,-0.8132
salsa,55.9000,1.6384,9.9776,-0.8996
salsa,56.0000,1.0699,9.6456,-0.8022
salsa,56.1000,1.7003,9.9853,-0.9095
salsa,56.2000,1.2889,9.6866,-0.8417
salsa,56.3000,1.4489,9.7626,-0.8676
salsa,56.4000,1.5109,9.7771,-0.8746
salsa,56.5000,1.5967,9.7833,-0.8787
salsa,56.6000,1.6890,9.7457,-0.8842
salsa,56.7000,1.7815,9.7367,-0.8890
salsa,56.8000,1.7534,9.5788,-0.8493
salsa,56.9000,2.2199,9.7912,-0.9298
salsa,57.0000,1.6413,9.4231,-0.8289
salsa,57.1000,2.2591,9.6772,-0.9293
salsa,57.2000,1.8407,9.2889,-0.8414
salsa,57.3000,1.9450,9.3702,-0.8635
salsa,57.4000,1.9787,9.4217,-0.8750
salsa,57.5000,2.0173,9.4508,-0.8990
salsa,57.6000,2.0335,9.4470,-0.9047
salsa,57.7000,2.0104,9.4438,-0.9057
salsa,57.8000,1.8612,9.3549,-0.8861
salsa,57.9000,2.2406,9.6788,-0.9724
salsa,58.0000,1.6041,9.5164,-0.8849
salsa,58.1000,2.2092,9.8463,-0.9865
salsa,58.2000,1.8500,9.6901,-0.9200
salsa,58.3000,1.9443,9.7761,-0.9479
salsa,58.4000,1.9245,9.6996,-0.9406
salsa,58.5000,1.9103,9.6732,-0.9394
salsa,58.6000,1.8844,9.6885,-0.9377
salsa,58.7000,1.8547,9.6898,-0.9376
salsa,58.8000,1.7614,9.6590,-0.9255
salsa,58.9000,2.1782,9.9243,-1.0244
salsa,59.0000,1.6165,9.7213,-0.9651
salsa,59.1000,2.2826,9.9097,-1.0707
salsa,59.2000,1.9408,9.7107,-1.0190
salsa,59.3000,2.1400,9.7471,-1.0303
salsa,59.4000,2.1411,9.6781,-1.0252
salsa,59.5000,2.1337,9.6511,-1.0212
salsa,59.6000,2.1357,9.6728,-1.0200
salsa,59.7000,2.1120,9.7091,-1.0152
salsa,59.8000,1.9617,9.6120,-0.9786
salsa,59.9000,2.3538,9.7705,-1.0557
salsa,60.0000,1.7308,9.4840,-0.9522
silence,0.0000,0.5183,5.7294,-0.8790
silence,0.1000,0.6776,6.2887,-1.0410
silence,0.2000,0.5559,5.9191,-0.9379
silence,0.3000,0.5906,6.1189,-0.9700
silence,0.4000,0.7015,5.9508,-0.9751
silence,0.5000,0.6747,6.1130,-0.9223
silence,0.6000,0.7518,5.9395,-0.9780
silence,0.7000,0.6897,6.1090,-0.9607
silence,0.8000,0.6830,5.9617,-0.9250
silence,0.9000,0.7769,6.3700,-1.0330
silence,1.0000,0.6171,5.8159,-0.8531
silence,1.1000,0.7235,6.3692,-1.0281
silence,1.2000,0.6210,6.0223,-0.9235
silence,1.3000,0.6284,6.2308,-0.9599
silence,1.4000,0.6786,6.1243,-0.9734
silence,1.5000,0.6163,6.2569,-0.9129
silence,1.6000,0.6756,6.1345,-0.9726
silence,1.7000,0.6046,6.2420,-0.9488
silence,1.8000,0.5901,6.0416,-0.9121
silence,1.9000,0.7285,6.3660,-1.0138
silence,2.0000,0.6412,5.8821,-0.8390
silence,2.1000,0.7807,6.3770,-1.0095
silence,2.2000,0.7031,6.0140,-0.9026
silence,2.3000,0.7411,6.1035,-0.9180
silence,2.4000,0.8362,5.9108,-0.9274
silence,2.5000,0.8148,5.9807,-0.8759
silence,2.6000,0.8878,5.7614,-0.9365
silence,2.7000,0.8232,5.8024,-0.9234
silence,2.8000,0.8035,5.5994,-0.8948
silence,2.9000,0.9057,5.8691,-0.9993
silence,3.0000,0.8065,5.3643,-0.8210
silence,3.1000,0.9374,5.7763,-0.9985
silence,3.2000,0.8437,5.3744,-0.8985
silence,3.3000,0.8621,5.4855,-0.9255
silence,3.4000,0.9014,5.3478,-0.9437
silence,3.5000,0.8442,5.5147,-0.8992
silence,3.6000,0.8508,5.4000,-0.9513
silence,3.7000,0.8045,5.5956,-0.9387
silence,3.8000,0.8138,5.4737,-0.9033
silence,3.9000,0.9130,5.8578,-1.0084
silence,4.0000,0.8268,5.3973,-0.8364
silence,4.1000,0.8235,5.9699,-1.0265
silence,4.2000,0.8176,5.6646,-0.9050
silence,4.3000,0.8497,5.9377,-0.9351
silence,4.4000,0.8307,5.9074,-0.9636
silence,4.5000,0.8878,6.1662,-0.9044
silence,4.6000,0.8547,6.0576,-0.9662
silence,4.7000,0.8943,6.2456,-0.9342
silence,4.8000,0.8566,6.1174,-0.9161
silence,4.9000,0.8463,6.5331,-1.0423
silence,5.0000,0.8326,6.0151,-0.8574
silence,5.1000,0.8671,6.5856,-1.0433
silence,5.2000,0.8852,6.1949,-0.9212
silence,5.3000,0.8906,6.3585,-0.9481
silence,5.4000,0.8692,6.1804,-0.9725
silence,5.5000,0.8713,6.3278,-0.9024
silence,5.6000,0.8855,6.1062,-0.9579
silence,5.7000,0.9126,6.2393,-0.9216
silence,5.8000,0.8894,6.0224,-0.8772
silence,5.9000,0.8842,6.3278,-0.9868
silence,6.0000,0.8465,5.7862,-0.7857
silence,6.1000,0.9126,6.2769,-0.9796
silence,6.2000,0.8958,5.9159,-0.8551
silence,6.3000,0.8997,6.0773,-0.8791
silence,6.4000,0.8795,5.8807,-0.8977
silence,6.5000,0.8646,6.0937,-0.8313
silence,6.6000,0.8775,5.8486,-0.8883
silence,6.7000,0.9086,6.0520,-0.8686
silence,6.8000,0.9010,5.9044,-0.8380
silence,6.9000,0.8925,6.3207,-0.9696
silence,7.0000,0.8369,5.9347,-0.7918
silence,7.1000,0.9065,6.4715,-0.9876
silence,7.2000,0.9082,6.1589,-0.8626
silence,7.3000,0.9290,6.3623,-0.8960
silence,7.4000,0.8886,6.1960,-0.9221
silence,7.5000,0.8719,6.4914,-0.8614
silence,7.6000,0.8559,6.2705,-0.9201
silence,7.7000,0.9231,6.5067,-0.8966
silence,7.8000,0.9325,6.3895,-0.8701
silence,7.9000,0.9594,6.8298,-1.0090
silence,8.0000,0.9528,6.4188,-0.8385
silence,8.1000,0.8716,7.0280,-1.0132
silence,8.2000,0.8906,6.7101,-0.8991
silence,8.3000,0.9222,6.8908,-0.9339
silence,8.4000,0.8643,6.7276,-0.9541
silence,8.5000,1.0244,6.8764,-0.9251
silence,8.6000,0.8727,6.7873,-0.9558
silence,8.7000,0.9790,7.0269,-0.9408
silence,8.8000,0.9533,6.9108,-0.9059
silence,8.9000,0.9088,7.2082,-1.0094
silence,9.0000,0.9596,6.7029,-0.8345
silence,9.1000,0.8596,7.1850,-0.9961
silence,9.2000,0.8838,6.9200,-0.8803
silence,9.3000,0.8928,7.0764,-0.9078
silence,9.4000,0.8039,6.8903,-0.9152
silence,9.5000,0.9927,7.0408,-0.8893
silence,9.6000,0.8311,6.9772,-0.9217
silence,9.7000,0.9505,7.1732,-0.9132
silence,9.8000,0.9773,7.0108,-0.8695
silence,9.9000,0.9825,7.3092,-0.9864
silence,10.0000,1.0576,6.7069,-0.8047
silence,10.1000,0.9695,7.2371,-0.9744
silence,10.2000,0.9679,6.9395,-0.8570
silence,10.3000,0.9704,7.1366,-0.8939
silence,10.4000,0.8323,6.9301,-0.9048
silence,10.5000,0.9925,7.0504,-0.8822
silence,10.6000,0.8033,6.9451,-0.9107
silence,10.7000,0.8967,7.1596,-0.9046
silence,10.8000,0.8759,7.0020,-0.8726
silence,10.9000,0.8914,7.3445,-0.9934
silence,11.0000,1.0137,6.8027,-0.8240
silence,11.1000,0.9909,7.4059,-1.0060
silence,11.2000,1.0547,7.0639,-0.8881
silence,11.3000,1.1041,7.2253,-0.9331
silence,11.4000,1.0048,7.0167,-0.9460
silence,11.5000,1.1565,7.1598,-0.9144
silence,11.6000,0.9889,7.0178,-0.9311
silence,11.7000,1.0517,7.2119,-0.9211
silence,11.8000,1.0026,6.9939,-0.8839
silence,11.9000,0.9928,7.3877,-1.0018
silence,12.0000,1.0550,6.6623,-0.8094
silence,12.1000,1.0174,7.3578,-0.9998
silence,12.2000,1.0364,6.9067,-0.8762
silence,12.3000,1.0821,7.1241,-0.9160
silence,12.4000,0.9903,6.9443,-0.9241
silence,12.5000,1.1644,7.0851,-0.9075
silence,12.6000,1.0133,7.0043,-0.9364
silence,12.7000,1.1053,7.2370,-0.9338
silence,12.8000,1.0799,7.0300,-0.8941
silence,12.9000,1.0712,7.4611,-1.0192
silence,13.0000,1.1180,6.7539,-0.8397
silence,13.1000,1.0929,7.5224,-1.0225
silence,13.2000,1.1037,7.1439,-0.8990
silence,13.3000,1.1296,7.3775,-0.9283
silence,13.4000,1.0358,7.1323,-0.9341
silence,13.5000,1.2450,7.2995,-0.9129
silence,13.6000,1.0884,7.1778,-0.9383
silence,13.7000,1.1809,7.5194,-0.9430
silence,13.8000,1.1630,7.3802,-0.9174
silence,13.9000,1.1710,7.8251,-1.0495
silence,14.0000,1.2421,7.1555,-0.8674
silence,14.1000,1.2137,7.8472,-1.0441
silence,14.2000,1.2460,7.4623,-0.9154
silence,14.3000,1.2863,7.6870,-0.9525
silence,14.4000,1.1781,7.4453,-0.9666
silence,14.5000,1.3424,7.6394,-0.9506
silence,14.6000,1.1526,7.4917,-0.9683
silence,14.7000,1.2361,7.7610,-0.9638
silence,14.8000,1.1800,7.5364,-0.9267
silence,14.9000,1.1449,7.9017,-1.0543
silence,15.0000,1.2684,7.2619,-0.8734
silence,15.1000,1.2199,7.9527,-1.0610
silence,15.2000,1.2914,7.6117,-0.9374
silence,15.3000,1.3316,7.8354,-0.9672
silence,15.4000,1.2270,7.5845,-0.9647
silence,15.5000,1.4223,7.8177,-0.9420
silence,15.6000,1.2389,7.6055,-0.9711
silence,15.7000,1.3147,7.9448,-0.9751
silence,15.8000,1.2473,7.7595,-0.9323
silence,15.9000,1.2153,8.1621,-1.0503
silence,16.0000,1.2794,7.5265,-0.8723
silence,16.1000,1.2388,8.2755,-1.0668
silence,16.2000,1.1887,7.9328,-0.9079
silence,16.3000,1.1929,8.2284,-0.9442
silence,16.4000,1.1077,8.0452,-0.9780
silence,16.5000,1.2071,8.2428,-0.9413
silence,16.6000,1.0236,8.1101,-0.9683
silence,16.7000,1.0395,8.3774,-0.9335
silence,16.8000,0.9823,8.1878,-0.8940
silence,16.9000,1.0332,8.6776,-1.0446
silence,17.0000,1.0349,7.9194,-0.8505
silence,17.1000,1.0415,8.6804,-1.0547
silence,17.2000,0.9887,8.2034,-0.9108
silence,17.3000,1.0258,8.4316,-0.9503
silence,17.4000,1.0065,8.2046,-0.9847
silence,17.5000,1.1913,8.3664,-0.9407
silence,17.6000,1.0720,8.1850,-0.9786
silence,17.7000,1.1338,8.4412,-0.9476
silence,17.8000,1.1178,8.2409,-0.9224
silence,17.9000,1.1757,8.7079,-1.0776
silence,18.0000,1.2116,7.9631,-0.8821
silence,18.1000,1.1760,8.6875,-1.0708
silence,18.2000,1.1183,8.1456,-0.9148
silence,18.3000,1.1499,8.2986,-0.9453
silence,18.4000,1.0829,8.0275,-0.9875
silence,18.5000,1.2088,8.1523,-0.9463
silence,18.6000,1.0477,7.9059,-0.9803
silence,18.7000,1.0951,8.0675,-0.9401
silence,18.8000,1.0551,7.7796,-0.9092
silence,18.9000,1.0748,8.2515,-1.0661
silence,19.0000,1.0740,7.3827,-0.8729
silence,19.1000,1.0286,8.1708,-1.0617
silence,19.2000,0.9836,7.6164,-0.9045
silence,19.3000,1.0086,7.8085,-0.9337
silence,19.4000,0.9777,7.5839,-0.9683
silence,19.5000,1.1366,7.6662,-0.9222
silence,19.6000,0.9807,7.5390,-0.9603
silence,19.7000,1.0533,7.6491,-0.9190
silence,19.8000,1.0530,7.3484,-0.8780
silence,19.9000,1.0789,7.8302,-1.0342
silence,20.0000,1.0939,6.9715,-0.8330
silence,20.1000,1.0325,7.7527,-1.0326
silence,20.2000,0.9781,7.2295,-0.8733
silence,20.3000,0.9911,7.4163,-0.9076
silence,20.4000,0.9168,7.2328,-0.9503
silence,20.5000,1.0872,7.2995,-0.9059
silence,20.6000,0.9019,7.2184,-0.9541
silence,20.7000,0.9718,7.4024,-0.9154
silence,20.8000,0.9902,7.2206,-0.8745
silence,20.9000,1.0407,7.7465,-1.0222
silence,21.0000,1.0777,7.0750,-0.8226
silence,21.1000,0.9894,7.9117,-1.0263
silence,21.2000,0.9206,7.5461,-0.8744
silence,21.3000,0.9049,7.8433,-0.9124
silence,21.4000,0.8286,7.7431,-0.9589
silence,21.5000,1.0044,7.9089,-0.9209
silence,21.6000,0.8457,7.7826,-0.9626
silence,21.7000,0.9147,7.9451,-0.9213
silence,21.8000,0.9174,7.7599,-0.8907
silence,21.9000,0.9666,8.2088,-1.0366
silence,22.0000,1.0509,7.5833,-0.8404
silence,22.1000,1.0118,8.2615,-1.0274
silence,22.2000,1.0257,7.8878,-0.8798
silence,22.3000,1.0860,8.1271,-0.9226
silence,22.4000,1.0760,8.0033,-0.9742
silence,22.5000,1.2605,8.1445,-0.9435
silence,22.6000,1.1040,8.0650,-0.9962
silence,22.7000,1.0992,8.2842,-0.9635
silence,22.8000,1.0105,8.1624,-0.9364
silence,22.9000,1.0248,8.5781,-1.0904
silence,23.0000,1.0348,7.9802,-0.8923
silence,23.1000,1.0220,8.5463,-1.0788
silence,23.2000,1.0147,8.1705,-0.9256
silence,23.3000,1.0674,8.3771,-0.9649
silence,23.4000,1.0411,8.2881,-1.0184
silence,23.5000,1.2073,8.4355,-0.9705
silence,23.6000,1.0363,8.2777,-1.0085
silence,23.7000,1.0831,8.3896,-0.9538
silence,23.8000,1.0607,8.2389,-0.9214
silence,23.9000,1.0607,8.5424,-1.0851
silence,24.0000,1.1324,8.0754,-0.8988
silence,24.1000,1.0415,8.5662,-1.0976
silence,24.2000,1.0190,8.2853,-0.9431
silence,24.3000,1.0528,8.4391,-0.9742
silence,24.4000,1.0000,8.3440,-1.0204
silence,24.5000,1.1592,8.4515,-0.9716
silence,24.6000,0.9844,8.3604,-1.0143
silence,24.7000,1.0393,8.4567,-0.9673
silence,24.8000,1.0112,8.3136,-0.9374
silence,24.9000,0.9942,8.6062,-1.0988
silence,25.0000,1.0414,8.1347,-0.9060
silence,25.1000,0.9622,8.5676,-1.1077
silence,25.2000,0.9535,8.2296,-0.9378
silence,25.3000,0.9696,8.3415,-0.9709
silence,25.4000,0.8961,8.2144,-1.0218
silence,25.5000,1.0452,8.2970,-0.9796
silence,25.6000,0.8756,8.1802,-1.0325
silence,25.7000,0.9127,8.2979,-0.9924
silence,25.8000,0.8471,8.1577,-0.9596
silence,25.9000,0.8312,8.3697,-1.1156
silence,26.0000,0.8619,7.9604,-0.9190
silence,26.1000,0.8025,8.3455,-1.1183
silence,26.2000,0.7582,8.0477,-0.9544
silence,26.3000,0.7636,8.1514,-0.9890
silence,26.4000,0.7689,8.0200,-1.0275
silence,26.5000,0.7617,8.0725,-1.0050
silence,26.6000,0.7324,8.0866,-1.0363
silence,26.7000,0.7250,8.2947,-1.0295
silence,26.8000,0.6896,8.2148,-1.0061
silence,26.9000,0.7175,8.4901,-1.1578
silence,27.0000,0.7510,8.0660,-0.9744
silence,27.1000,0.7229,8.4329,-1.1570
silence,27.2000,0.6941,8.1051,-1.0027
silence,27.3000,0.7157,8.1850,-1.0316
silence,27.4000,0.7174,8.0421,-1.0668
silence,27.5000,0.7490,8.0923,-1.0446
silence,27.6000,0.7768,8.0635,-1.0629
silence,27.7000,0.8196,8.1815,-1.0227
silence,27.8000,0.8192,8.0371,-0.9983
silence,27.9000,0.8587,8.2669,-1.1498
silence,28.0000,0.8585,7.7690,-0.9479
silence,28.1000,0.8018,8.0718,-1.1247
silence,28.2000,0.7718,7.7130,-0.9627
silence,28.3000,0.8046,7.8144,-0.9896
silence,28.4000,0.8026,7.6638,-1.0270
silence,28.5000,0.8191,7.7029,-1.0044
silence,28.6000,0.8432,7.6187,-1.0111
silence,28.7000,0.8689,7.7332,-0.9732
silence,28.8000,0.8545,7.5350,-0.9366
silence,28.9000,0.8909,7.7946,-1.0864
silence,29.0000,0.8953,7.2954,-0.8906
silence,29.1000,0.8511,7.7728,-1.0855
silence,29.2000,0.7842,7.4534,-0.9252
silence,29.3000,0.7931,7.6448,-0.9594
silence,29.4000,0.7770,7.5687,-1.0033
silence,29.5000,0.7541,7.6807,-0.9987
silence,29.6000,0.7536,7.6466,-1.0143
silence,29.7000,0.7752,7.7984,-0.9712
silence,29.8000,0.7613,7.6461,-0.9442
silence,29.9000,0.7964,7.9874,-1.1060
silence,30.0000,0.8263,7.5067,-0.9173
silence,30.1000,0.8145,8.0704,-1.1253
silence,30.2000,0.8116,7.7580,-0.9781
silence,30.3000,0.8428,7.9132,-1.0062
silence,30.4000,0.8360,7.7154,-1.0337
silence,30.5000,0.8490,7.7551,-1.0155
silence,30.6000,0.8658,7.6867,-1.0350
silence,30.7000,0.8918,7.8421,-1.0061
silence,30.8000,0.8702,7.6692,-0.9827
silence,30.9000,0.8969,8.0206,-1.1420
silence,31.0000,0.9303,7.5553,-0.9584
silence,31.1000,0.9008,8.0336,-1.1556
silence,31.2000,0.8455,7.7550,-1.0104
silence,31.3000,0.8802,7.9793,-1.0495
silence,31.4000,0.9032,7.8360,-1.0848
silence,31.5000,0.9164,7.9370,-1.0648
silence,31.6000,0.9190,7.8793,-1.0683
silence,31.7000,0.9311,8.0542,-1.0157
silence,31.8000,0.8875,7.8841,-0.9726
silence,31.9000,0.8962,8.1410,-1.1188
silence,32.0000,0.9223,7.7120,-0.9175
silence,32.1000,0.8768,8.1179,-1.1133
silence,32.2000,0.8587,7.9092,-0.9588
silence,32.3000,0.8776,8.1227,-0.9853
silence,32.4000,0.8688,7.9727,-1.0147
silence,32.5000,0.8495,8.0759,-0.9975
silence,32.6000,0.8340,7.9903,-1.0055
silence,32.7000,0.8373,8.1449,-0.9698
silence,32.8000,0.8239,7.9556,-0.9371
silence,32.9000,0.8626,8.0833,-1.0911
silence,33.0000,0.9496,7.7386,-0.8931
silence,33.1000,0.9165,8.0199,-1.0904
silence,33.2000,0.9366,7.8326,-0.9348
silence,33.3000,0.9924,7.9596,-0.9641
silence,33.4000,0.9982,7.7536,-1.0026
silence,33.5000,0.9973,7.7996,-0.9913
silence,33.6000,0.9797,7.6988,-1.0106
silence,33.7000,1.0031,7.8944,-0.9781
silence,33.8000,0.9795,7.7933,-0.9467
silence,33.9000,0.9574,8.0583,-1.1075
silence,34.0000,0.9964,7.7344,-0.9059
silence,34.1000,0.8951,8.0450,-1.1015
silence,34.2000,0.8668,7.8215,-0.9425
silence,34.3000,0.8773,7.9391,-0.9728
silence,34.4000,0.8583,7.7973,-1.0072
silence,34.5000,0.8583,7.8834,-0.9904
silence,34.6000,0.8320,7.8654,-1.0053
silence,34.7000,0.8205,8.0138,-0.9714
silence,34.8000,0.7630,7.8818,-0.9347
silence,34.9000,0.7272,8.0928,-1.0873
silence,35.0000,0.8195,7.8446,-0.8897
silence,35.1000,0.7815,8.1589,-1.0796
silence,35.2000,0.8580,8.0090,-0.9286
silence,35.3000,0.9194,8.1532,-0.9598
silence,35.4000,0.9233,8.0486,-0.9929
silence,35.5000,0.9403,8.1273,-0.9758
silence,35.6000,0.9156,8.0871,-0.9959
silence,35.7000,0.9169,8.2328,-0.9659
silence,35.8000,0.9171,8.0989,-0.9310
silence,35.9000,0.9327,8.2544,-1.0841
silence,36.0000,1.0264,8.0047,-0.8929
silence,36.1000,0.9579,8.2770,-1.0946
silence,36.2000,0.9703,8.1405,-0.9436
silence,36.3000,0.9844,8.2563,-0.9807
silence,36.4000,0.9559,8.0539,-1.0236
silence,36.5000,0.9253,8.0474,-1.0084
silence,36.6000,0.8924,7.8953,-1.0159
silence,36.7000,0.8885,8.0052,-0.9714
silence,36.8000,0.8736,7.8963,-0.9437
silence,36.9000,0.8437,8.0455,-1.1032
silence,37.0000,0.9656,7.8808,-0.9120
silence,37.1000,0.8492,8.1077,-1.1003
silence,37.2000,0.8765,7.9758,-0.9415
silence,37.3000,0.8917,8.1026,-0.9793
silence,37.4000,0.8572,8.0214,-1.0209
silence,37.5000,0.8465,8.0903,-1.0056
silence,37.6000,0.8520,8.0481,-1.0319
silence,37.7000,0.8679,8.2071,-1.0010
silence,37.8000,0.8815,8.1413,-0.9734
silence,37.9000,0.9052,8.3205,-1.1281
silence,38.0000,0.9848,8.1437,-0.9240
silence,38.1000,0.8792,8.3652,-1.1137
silence,38.2000,0.8680,8.2203,-0.9484
silence,38.3000,0.8708,8.3370,-0.9819
silence,38.4000,0.8659,8.2397,-1.0207
silence,38.5000,0.8399,8.3118,-1.0037
silence,38.6000,0.8224,8.2834,-1.0235
silence,38.7000,0.8499,8.3903,-0.9758
silence,38.8000,0.8544,8.2721,-0.9418
silence,38.9000,0.8716,8.4061,-1.1027
silence,39.0000,0.9734,8.2270,-0.9138
silence,39.1000,0.8931,8.3974,-1.1114
silence,39.2000,0.8955,8.2372,-0.9491
silence,39.3000,0.9143,8.3466,-0.9754
silence,39.4000,0.9146,8.2511,-1.0132
silence,39.5000,0.9691,8.3077,-0.9954
silence,39.6000,0.9857,8.2708,-1.0208
silence,39.7000,1.0230,8.3695,-0.9892
silence,39.8000,1.0387,8.2531,-0.9527
silence,39.9000,1.0517,8.3788,-1.1008
silence,40.0000,1.1332,8.2374,-0.9083
silence,40.1000,1.0268,8.4115,-1.0933
silence,40.2000,1.0266,8.2864,-0.9340
silence,40.3000,1.0344,8.4003,-0.9528
silence,40.4000,1.0221,8.3367,-0.9877
silence,40.5000,1.0458,8.4019,-0.9723
silence,40.6000,1.0555,8.3687,-0.9924
silence,40.7000,1.0765,8.5277,-0.9602
silence,40.8000,1.0495,8.4767,-0.9380
silence,40.9000,1.0457,8.5725,-1.0970
silence,41.0000,1.1107,8.3634,-0.9095
silence,41.1000,1.0508,8.3938,-1.0842
silence,41.2000,1.0698,8.1831,-0.9299
silence,41.3000,1.1170,8.2203,-0.9637
silence,41.4000,1.1191,8.0805,-1.0006
silence,41.5000,1.1213,8.1342,-0.9834
silence,41.6000,1.1445,8.0434,-1.0034
silence,41.7000,1.1651,8.1563,-0.9720
silence,41.8000,1.1406,8.0181,-0.9474
silence,41.9000,1.1169,8.0870,-1.1070
silence,42.0000,1.2057,7.8850,-0.9210
silence,42.1000,1.1254,8.0896,-1.1148
silence,42.2000,1.1312,7.9872,-0.9694
silence,42.3000,1.1352,8.1364,-1.0037
silence,42.4000,1.1097,8.0577,-1.0508
silence,42.5000,1.1180,8.1325,-1.0342
silence,42.6000,1.1372,8.0472,-1.0525
silence,42.7000,1.1558,8.1890,-1.0174
silence,42.8000,1.1515,8.0882,-0.9903
silence,42.9000,1.1613,8.2967,-1.1445
silence,43.0000,1.2404,8.1340,-0.9772
silence,43.1000,1.1809,8.3941,-1.1814
silence,43.2000,1.1720,8.2424,-1.0416
silence,43.3000,1.1624,8.3039,-1.0636
silence,43.4000,1.1392,8.1364,-1.0998
silence,43.5000,1.1237,8.1340,-1.0722
silence,43.6000,1.1139,8.0263,-1.0858
silence,43.7000,1.0971,8.0910,-1.0502
silence,43.8000,1.0803,7.9724,-1.0198
silence,43.9000,1.0869,8.0678,-1.1635
silence,44.0000,1.1573,7.8238,-0.9819
silence,44.1000,1.0550,7.9917,-1.1674
silence,44.2000,1.0442,7.8147,-1.0273
silence,44.3000,1.0325,7.8298,-1.0477
silence,44.4000,1.0355,7.6898,-1.0886
silence,44.5000,1.0643,7.6998,-1.0706
silence,44.6000,1.0985,7.6280,-1.0931
silence,44.7000,1.1321,7.6500,-1.0527
silence,44.8000,1.1453,7.4822,-1.0242
silence,44.9000,1.1619,7.5337,-1.1593
silence,45.0000,1.2809,7.3980,-0.9801
silence,45.1000,1.1935,7.6166,-1.1633
silence,45.2000,1.2088,7.5783,-1.0257
silence,45.3000,1.2089,7.7280,-1.0531
silence,45.4000,1.1883,7.7016,-1.1002
silence,45.5000,1.1729,7.8032,-1.0897
silence,45.6000,1.1533,7.7774,-1.1086
silence,45.7000,1.1346,7.8776,-1.0737
silence,45.8000,1.1246,7.8322,-1.0615
silence,45.9000,1.1109,8.0341,-1.2140
silence,46.0000,1.2285,7.8618,-1.0366
silence,46.1000,1.1305,8.1353,-1.2177
silence,46.2000,1.1321,8.0131,-1.0698
silence,46.3000,1.1240,8.1256,-1.0963
silence,46.4000,1.1292,8.0909,-1.1392
silence,46.5000,1.1165,8.1322,-1.1171
silence,46.6000,1.1402,8.0872,-1.1295
silence,46.7000,1.1524,8.1252,-1.0825
silence,46.8000,1.1734,8.0511,-1.0592
silence,46.9000,1.1952,8.2550,-1.2005
silence,47.0000,1.3070,8.0352,-1.0078
silence,47.1000,1.2239,8.3407,-1.1958
silence,47.2000,1.2337,8.1439,-1.0457
silence,47.3000,1.2206,8.2357,-1.0746
silence,47.4000,1.1900,8.2330,-1.1265
silence,47.5000,1.1785,8.2721,-1.1177
silence,47.6000,1.1767,8.2583,-1.1388
silence,47.7000,1.1609,8.2788,-1.0993
silence,47.8000,1.1379,8.1676,-1.0780
silence,47.9000,1.0992,8.2895,-1.2230
silence,48.0000,1.1871,7.9857,-1.0408
silence,48.1000,1.0740,8.1881,-1.2206
silence,48.2000,1.1076,8.0059,-1.0859
silence,48.3000,1.1154,8.0690,-1.1142
silence,48.4000,1.1506,7.9997,-1.1578
silence,48.5000,1.1917,7.9771,-1.1411
silence,48.6000,1.2310,7.9519,-1.1684
silence,48.7000,1.2203,7.9608,-1.1217
silence,48.8000,1.2165,7.8397,-1.0957
silence,48.9000,1.1927,7.8880,-1.2430
silence,49.0000,1.2695,7.6455,-1.0648
silence,49.1000,1.1682,7.7737,-1.2375
silence,49.2000,1.1662,7.5946,-1.0856
silence,49.3000,1.1693,7.5966,-1.1130
silence,49.4000,1.1903,7.5400,-1.1514
silence,49.5000,1.2039,7.5020,-1.1329
silence,49.6000,1.2240,7.4826,-1.1583
silence,49.7000,1.2075,7.4298,-1.1045
silence,49.8000,1.1723,7.3508,-1.0674
silence,49.9000,1.1070,7.4992,-1.2115
silence,50.0000,1.1690,7.2176,-1.0184
silence,50.1000,1.0729,7.4695,-1.2094
silence,50.2000,1.0911,7.2634,-1.0595
silence,50.3000,1.1084,7.2882,-1.0939
silence,50.4000,1.1250,7.3115,-1.1353
silence,50.5000,1.1225,7.3035,-1.1158
silence,50.6000,1.1046,7.3592,-1.1406
silence,50.7000,1.0931,7.3406,-1.0973
silence,50.8000,1.0914,7.3121,-1.0780
silence,50.9000,1.1211,7.5644,-1.2442
silence,51.0000,1.2262,7.2978,-1.0517
silence,51.1000,1.1287,7.5787,-1.2401
silence,51.2000,1.1240,7.3900,-1.0801
silence,51.3000,1.0933,7.4935,-1.1309
silence,51.4000,1.0702,7.5496,-1.1344
silence,51.5000,1.0689,7.6311,-1.1519
silence,51.6000,1.0867,7.7306,-1.1620
silence,51.7000,1.0917,7.8145,-1.1684
silence,51.8000,1.0743,7.8027,-1.1142
silence,51.9000,1.0513,8.0418,-1.2689
silence,52.0000,1.1438,7.7642,-1.0656
silence,52.1000,1.0373,8.0767,-1.2529
silence,52.2000,1.0252,7.8852,-1.0915
silence,52.3000,1.0026,7.9680,-1.1450
silence,52.4000,0.9625,7.9661,-1.1409
silence,52.5000,0.9534,7.9522,-1.1350
silence,52.6000,0.9605,7.9431,-1.1361
silence,52.7000,0.9504,7.9249,-1.1296
silence,52.8000,0.9214,7.8486,-1.0641
silence,52.9000,0.9250,8.0675,-1.2241
silence,53.0000,1.0130,7.8491,-1.0212
silence,53.1000,0.9968,8.1416,-1.2175
silence,53.2000,1.0298,8.0174,-1.0575
silence,53.3000,1.0707,8.1237,-1.1069
silence,53.4000,1.0667,8.1648,-1.1129
silence,53.5000,1.0525,8.1596,-1.1111
silence,53.6000,1.0049,8.1439,-1.1115
silence,53.7000,0.9658,8.1439,-1.1163
silence,53.8000,0.9123,8.1211,-1.0655
silence,53.9000,0.9214,8.2976,-1.2285
silence,54.0000,0.9856,8.0705,-1.0347
silence,54.1000,0.9254,8.2426,-1.2337
silence,54.2000,0.9186,8.0355,-1.0833
silence,54.3000,0.9584,7.9833,-1.1315
silence,54.4000,0.9838,7.8618,-1.1258
silence,54.5000,1.0162,7.8251,-1.1263
silence,54.6000,1.0222,7.8387,-1.1285
silence,54.7000,1.0069,7.8372,-1.1290
silence,54.8000,0.9953,7.7639,-1.0732
silence,54.9000,1.0278,7.9458,-1.2212
silence,55.0000,1.1521,7.6831,-1.0303
silence,55.1000,1.1291,7.9473,-1.2205
silence,55.2000,1.1459,7.7197,-1.0670
silence,55.3000,1.1572,7.7793,-1.1174
silence,55.4000,1.1362,7.8003,-1.1215
silence,55.5000,1.1192,7.8307,-1.1223
silence,55.6000,1.1108,7.8774,-1.1223
silence,55.7000,1.1076,7.9236,-1.1247
silence,55.8000,1.1162,7.8859,-1.0758
silence,55.9000,1.1153,8.1098,-1.2347
silence,56.0000,1.2168,7.7785,-1.0378
silence,56.1000,1.1245,8.0559,-1.2314
silence,56.2000,1.1258,7.8024,-1.0718
silence,56.3000,1.1071,7.8622,-1.1236
silence,56.4000,1.0604,7.8764,-1.1296
silence,56.5000,1.0196,7.8614,-1.1335
silence,56.6000,0.9957,7.8243,-1.1400
silence,56.7000,0.9845,7.7823,-1.1500
silence,56.8000,0.9684,7.6864,-1.0987
silence,56.9000,0.9648,7.8778,-1.2517
silence,57.0000,1.0432,7.6256,-1.0552
silence,57.1000,0.9541,7.8644,-1.2580
silence,57.2000,0.9472,7.6671,-1.1093
silence,57.3000,0.9507,7.6795,-1.1603
silence,57.4000,0.9214,7.6471,-1.1529
silence,57.5000,0.9179,7.6395,-1.1490
silence,57.6000,0.9096,7.6429,-1.1550
silence,57.7000,0.9200,7.6427,-1.1582
silence,57.8000,0.9212,7.6084,-1.1025
silence,57.9000,0.8845,7.7760,-1.2562
silence,58.0000,0.9606,7.6686,-1.0646
silence,58.1000,0.8155,7.8813,-1.2538
silence,58.2000,0.8780,7.7731,-1.0954
silence,58.3000,0.9232,7.8515,-1.1530
silence,58.4000,0.9521,7.8757,-1.1548
silence,58.5000,0.9541,7.8869,-1.1489
silence,58.6000,0.9557,7.9195,-1.1497
silence,58.7000,0.9409,7.9631,-1.1522
silence,58.8000,0.9369,7.9546,-1.0941
silence,58.9000,0.9306,8.1103,-1.2446
silence,59.0000,1.0252,7.9912,-1.0598
silence,59.1000,0.9437,8.1107,-1.2457
silence,59.2000,0.9592,8.0019,-1.1114
silence,59.3000,0.9569,8.0965,-1.1855
silence,59.4000,0.9541,8.1309,-1.1979
silence,59.5000,0.9658,8.1873,-1.2030
silence,59.6000,0.9750,8.2639,-1.2083
silence,59.7000,0.9808,8.3292,-1.2096
silence,59.8000,0.9597,8.3154,-1.1593
silence,59.9000,0.9277,8.4596,-1.2995
silence,60.0000,1.0114,8.2524,-1.1041
